Vorname,Anzahl,Geschlecht
Emilia,144,w
Emma,122,w
Anna,114,w
Sophia,99,w
Marie,92,w
Lea,87,w
Mia,79,w
Lara,72,w
Luisa,71,w
Charlotte,70,w
Clara,70,w
Laura,68,w
Lena,65,w
Lina,65,w
Antonia,62,w
Ella,62,w
Leonie,60,w
Sophie,58,w
Hanna,54,w
Nora,54,w
Paula,54,w
Sofia,54,w
Mila,52,w
Hannah,51,w
Emily,49,w
Valentina,49,w
Helena,48,w
Ida,48,w
Amelie,46,w
Johanna,45,w
Elena,44,w
Magdalena,41,w
Sara,41,w
Leni,40,w
Maria,40,w
Olivia,40,w
Romy,39,w
Isabella,37,w
Theresa,37,w
Alma,35,w
Elisabeth,35,w
Frida,34,w
Marlene,34,w
Elisa,33,w
Matilda,33,w
Ava,32,w
Maja,32,w
Mathilda,31,w
Klara,30,w
Eva,28,w
Victoria,27,w
Alina,26,w
Carla,26,w
Julia,26,w
Luise,26,w
Mara,26,w
Maya,26,w
Paulina,26,w
Rosa,26,w
Sarah,26,w
Thea,26,w
Lia,25,w
Melina,25,w
Lotta,24,w
Carlotta,23,w
Josefine,22,w
Louisa,22,w
Nina,22,w
Pauline,22,w
Frieda,21,w
Katharina,21,w
Amalia,20,w
Stella,20,w
Juna,19,w
Lilly,19,w
Luna,19,w
Aurelia,18,w
Karla,18,w
Melissa,18,w
Amelia,17,w
Amira,17,w
Ela,17,w
Franziska,17,w
Josephine,17,w
Mira,17,w
Miriam,17,w
Ronja,17,w
Rosalie,17,w
Valerie,17,w
Amina,16,w
Elina,16,w
Martha,16,w
Nele,16,w
Alicia,15,w
Anastasia,15,w
Aurora,15,w
Fiona,15,w
Lisa,15,w
Malia,15,w
Mina,15,w
Zoe,15,w
Alba,14,w
Alessia,14,w
Ana,14,w
Diana,14,w
Isabel,14,w
Jana,14,w
Liya,14,w
Selma,14,w
Viktoria,14,w
Ada,13,w
Alexandra,13,w
Alisa,13,w
Azra,13,w
Chiara,13,w
Eleni,13,w
Ellie,13,w
Ema,13,w
Hana,13,w
Lana,13,w
Leyla,13,w
Linda,13,w
Nisa,13,w
Annika,12,w
Elise,12,w
Leah,12,w
Meryem,12,w
Philippa,12,w
Pia,12,w
Tilda,12,w
Valeria,12,w
Vera,12,w
Veronika,12,w
Anouk,11,w
Cleo,11,w
Felicitas,11,w
Florentine,11,w
Lilia,11,w
Livia,11,w
Lucia,11,w
Marla,11,w
Aleyna,10,w
Annelie,10,w
Anni,10,w
Ayla,10,w
Emilie,10,w
Filippa,10,w
Isabelle,10,w
Jasmin,10,w
Lilli,10,w
Lola,10,w
Lorena,10,w
Malou,10,w
Marina,10,w
Marta,10,w
Milena,10,w
Nika,10,w
Sofija,10,w
Asja,9,w
Felicia,9,w
Freya,9,w
Gloria,9,w
Greta,9,w
Kiara,9,w
Kira,9,w
Liliana,9,w
Lily,9,w
Linnea,9,w
Liv,9,w
Lotte,9,w
Mona,9,w
Rebecca,9,w
Selin,9,w
Tara,9,w
Viola,9,w
Yuna,9,w
Annabelle,8,w
Aylin,8,w
Cosima,8,w
Elif,8,w
Emmi,8,w
Finja,8,w
Flora,8,w
Franka,8,w
Giulia,8,w
Jonna,8,w
Luana,8,w
Mathilde,8,w
Noemi,8,w
Sena,8,w
Tamara,8,w
Vanessa,8,w
Zeynep,8,w
Alice,7,w
Alva,7,w
Amélie,7,w
Annie,7,w
Carolina,7,w
Daria,7,w
Elea,7,w
Eleonora,7,w
Elli,7,w
Emelie,7,w
Esma,7,w
Larissa,7,w
Leila,7,w
Letizia,7,w
Lucy,7,w
Malina,7,w
Marija,7,w
Merle,7,w
Nicole,7,w
Noa,7,w
Selina,7,w
Teodora,7,w
Tessa,7,w
Adriana,6,w
Aisha,6,w
Alya,6,w
Anastasija,6,w
Anika,6,w
Annalena,6,w
Arianna,6,w
Asel,6,w
Asya,6,w
Carmen,6,w
Cecilia,6,w
Celina,6,w
Charlie,6,w
Chloé,6,w
Daniela,6,w
Defne,6,w
Elsa,6,w
Esther,6,w
Evelyn,6,w
Felina,6,w
Florentina,6,w
Leonora,6,w
Lilith,6,w
Louise,6,w
Madita,6,w
Maila,6,w
Mariella,6,w
Medina,6,w
Melanie,6,w
Meyra,6,w
Nala,6,w
Natalia,6,w
Nefeli,6,w
Norah,6,w
Ophelia,6,w
Philine,6,w
Philomena,6,w
Rita,6,w
Ruby,6,w
Samira,6,w
Sonja,6,w
Una,6,w
Wilma,6,w
Aaliyah,5,w
Adele,5,w
Ajla,5,w
Amilia,5,w
Amy,5,w
Anita,5,w
Ariadni,5,w
Camilla,5,w
Celia,5,w
Ceylin,5,w
Chloe,5,w
Dilara,5,w
Eliza,5,w
Elly,5,w
Esila,5,w
Fritzi,5,w
Hedi,5,w
Helene,5,w
Ivana,5,w
Jule,5,w
Juno,5,w
Kaia,5,w
Karlotta,5,w
Klea,5,w
Laetitia,5,w
Leana,5,w
Linn,5,w
Luzia,5,w
Malea,5,w
Marlena,5,w
Maryam,5,w
Melisa,5,w
Milica,5,w
Nayla,5,w
Nela,5,w
Pina,5,w
Soraya,5,w
Talia,5,w
Yasmin,5,w
Zehra,5,w
Zeyneb,5,w
Agatha,4 oder weniger,w
Aida,4 oder weniger,w
Alea,4 oder weniger,w
Aliyah,4 oder weniger,w
Amaya,4 oder weniger,w
Angelina,4 oder weniger,w
Annemarie,4 oder weniger,w
Antea,4 oder weniger,w
Beatrice,4 oder weniger,w
Camila,4 oder weniger,w
Cara,4 oder weniger,w
Christina,4 oder weniger,w
Dana,4 oder weniger,w
Dua,4 oder weniger,w
Dunja,4 oder weniger,w
Eliana,4 oder weniger,w
Ellen,4 oder weniger,w
Esra,4 oder weniger,w
Evelina,4 oder weniger,w
Felia,4 oder weniger,w
Grace,4 oder weniger,w
Hira,4 oder weniger,w
Isabell,4 oder weniger,w
Iva,4 oder weniger,w
Ivy,4 oder weniger,w
Jamila,4 oder weniger,w
Juliane,4 oder weniger,w
Katarina,4 oder weniger,w
Layla,4 oder weniger,w
Leandra,4 oder weniger,w
Léna,4 oder weniger,w
Leticia,4 oder weniger,w
Liana,4 oder weniger,w
Lilo,4 oder weniger,w
Liva,4 oder weniger,w
Lucie,4 oder weniger,w
Marianna,4 oder weniger,w
Marisa,4 oder weniger,w
Marleen,4 oder weniger,w
Matilde,4 oder weniger,w
Melek,4 oder weniger,w
Melody,4 oder weniger,w
Miray,4 oder weniger,w
Naila,4 oder weniger,w
Naomi,4 oder weniger,w
Nehir,4 oder weniger,w
Nelly,4 oder weniger,w
Nilay,4 oder weniger,w
Rahel,4 oder weniger,w
Sahar,4 oder weniger,w
Sajra,4 oder weniger,w
Senta,4 oder weniger,w
Siya,4 oder weniger,w
Sumeja,4 oder weniger,w
Teresa,4 oder weniger,w
Vivien,4 oder weniger,w
Zara,4 oder weniger,w
Zoé,4 oder weniger,w
Adelia,4 oder weniger,w
Adelina,4 oder weniger,w
Agathe,4 oder weniger,w
Ajna,4 oder weniger,w
Alara,4 oder weniger,w
Alisha,4 oder weniger,w
Allegra,4 oder weniger,w
Alyssa,4 oder weniger,w
Amal,4 oder weniger,w
Amara,4 oder weniger,w
Anayra,4 oder weniger,w
Andrea,4 oder weniger,w
Angelika,4 oder weniger,w
Anisa,4 oder weniger,w
Annabell,4 oder weniger,w
Arya,4 oder weniger,w
Ayda,4 oder weniger,w
Bella,4 oder weniger,w
Beyza,4 oder weniger,w
Carina,4 oder weniger,w
Caroline,4 oder weniger,w
Dalia,4 oder weniger,w
Dalila,4 oder weniger,w
Darya,4 oder weniger,w
Dea,4 oder weniger,w
Dora,4 oder weniger,w
Ecrin,4 oder weniger,w
Edda,4 oder weniger,w
Eleanor,4 oder weniger,w
Elin,4 oder weniger,w
Elizabeth,4 oder weniger,w
Elona,4 oder weniger,w
Emina,4 oder weniger,w
Ena,4 oder weniger,w
Enna,4 oder weniger,w
Eslem,4 oder weniger,w
Estelle,4 oder weniger,w
Evelin,4 oder weniger,w
Eya,4 oder weniger,w
Fanny,4 oder weniger,w
Fatima,4 oder weniger,w
Fatma,4 oder weniger,w
Faye,4 oder weniger,w
Feline,4 oder weniger,w
Franca,4 oder weniger,w
Freyja,4 oder weniger,w
Friederike,4 oder weniger,w
Hafsa,4 oder weniger,w
Hailey,4 oder weniger,w
Hanifa,4 oder weniger,w
Hawa,4 oder weniger,w
Helen,4 oder weniger,w
Henriette,4 oder weniger,w
Idil,4 oder weniger,w
Ina,4 oder weniger,w
Iqra,4 oder weniger,w
Irene,4 oder weniger,w
Iris,4 oder weniger,w
Isa,4 oder weniger,w
Josepha,4 oder weniger,w
Kalina,4 oder weniger,w
Karima,4 oder weniger,w
Kim,4 oder weniger,w
Layan,4 oder weniger,w
Lejla,4 oder weniger,w
Lejna,4 oder weniger,w
Leoni,4 oder weniger,w
Lijana,4 oder weniger,w
Lilian,4 oder weniger,w
Lillian,4 oder weniger,w
Liselotte,4 oder weniger,w
Liyah,4 oder weniger,w
Lore,4 oder weniger,w
Lou,4 oder weniger,w
Lucía,4 oder weniger,w
Madlen,4 oder weniger,w
Maia,4 oder weniger,w
Maida,4 oder weniger,w
Malena,4 oder weniger,w
Malika,4 oder weniger,w
Mariam,4 oder weniger,w
Martina,4 oder weniger,w
Marwa,4 oder weniger,w
Matea,4 oder weniger,w
Mathea,4 oder weniger,w
Mattea,4 oder weniger,w
Mavie,4 oder weniger,w
Melia,4 oder weniger,w
Melinda,4 oder weniger,w
Milla,4 oder weniger,w
Mirella,4 oder weniger,w
Mirha,4 oder weniger,w
Narin,4 oder weniger,w
Nejla,4 oder weniger,w
Nikolina,4 oder weniger,w
Olga,4 oder weniger,w
Oliwia,4 oder weniger,w
Palina,4 oder weniger,w
Penelope,4 oder weniger,w
Petra,4 oder weniger,w
Raya,4 oder weniger,w
Rheia,4 oder weniger,w
Ria,4 oder weniger,w
Riana,4 oder weniger,w
Rina,4 oder weniger,w
Saga,4 oder weniger,w
Sandra,4 oder weniger,w
Serena,4 oder weniger,w
Sidra,4 oder weniger,w
Sofie,4 oder weniger,w
Suna,4 oder weniger,w
Tasnim,4 oder weniger,w
Tiana,4 oder weniger,w
Tijana,4 oder weniger,w
Vida,4 oder weniger,w
Yara,4 oder weniger,w
Yasmina,4 oder weniger,w
Zora,4 oder weniger,w
Zümra,4 oder weniger,w
Zuzanna,4 oder weniger,w
Abigail,4 oder weniger,w
Adela,4 oder weniger,w
Adhya,4 oder weniger,w
Adrijana,4 oder weniger,w
Aenna,4 oder weniger,w
Agata,4 oder weniger,w
Aila,4 oder weniger,w
Ajana,4 oder weniger,w
Alejna,4 oder weniger,w
Aleksandra,4 oder weniger,w
Alexia,4 oder weniger,w
Aleya,4 oder weniger,w
Aleyah,4 oder weniger,w
Alia,4 oder weniger,w
Alin,4 oder weniger,w
Aline,4 oder weniger,w
Alissa,4 oder weniger,w
Aliya,4 oder weniger,w
Almira,4 oder weniger,w
Amaia,4 oder weniger,w
Amaira,4 oder weniger,w
Amanda,4 oder weniger,w
Amela,4 oder weniger,w
Ami,4 oder weniger,w
Amila,4 oder weniger,w
Amine,4 oder weniger,w
Amrei,4 oder weniger,w
Anabella,4 oder weniger,w
Anamaria,4 oder weniger,w
Anaya,4 oder weniger,w
Anduena,4 oder weniger,w
Angela,4 oder weniger,w
Anja,4 oder weniger,w
Anna-Sophie,4 oder weniger,w
Anneli,4 oder weniger,w
Antonie,4 oder weniger,w
Apollonia,4 oder weniger,w
Aria,4 oder weniger,w
Asiya,4 oder weniger,w
Astrid,4 oder weniger,w
Aurela,4 oder weniger,w
Ayana,4 oder weniger,w
Ayra,4 oder weniger,w
Bahar,4 oder weniger,w
Blanca,4 oder weniger,w
Bruna,4 oder weniger,w
Camille,4 oder weniger,w
Camina,4 oder weniger,w
Capucine,4 oder weniger,w
Carlota,4 oder weniger,w
Catalina,4 oder weniger,w
Caterina,4 oder weniger,w
Celine,4 oder weniger,w
Chisom,4 oder weniger,w
Claire,4 oder weniger,w
Cléo,4 oder weniger,w
Coralie,4 oder weniger,w
Dania,4 oder weniger,w
Darina,4 oder weniger,w
Delina,4 oder weniger,w
Deniz,4 oder weniger,w
Dian,4 oder weniger,w
Dila,4 oder weniger,w
Doris,4 oder weniger,w
Eda,4 oder weniger,w
Edna,4 oder weniger,w
Elèna,4 oder weniger,w
Eleonore,4 oder weniger,w
Élise,4 oder weniger,w
Elizabet,4 oder weniger,w
Eloise,4 oder weniger,w
Emili,4 oder weniger,w
Emmie,4 oder weniger,w
Enea,4 oder weniger,w
Enissa,4 oder weniger,w
Enja,4 oder weniger,w
Erva,4 oder weniger,w
Esilya,4 oder weniger,w
Esin,4 oder weniger,w
Eva-Maria,4 oder weniger,w
Evangelia,4 oder weniger,w
Evin,4 oder weniger,w
Favour,4 oder weniger,w
Finia,4 oder weniger,w
Flaminia,4 oder weniger,w
Florina,4 oder weniger,w
Frederike,4 oder weniger,w
Gabriela,4 oder weniger,w
Gabriella,4 oder weniger,w
Gelila,4 oder weniger,w
Georgia,4 oder weniger,w
Georgina,4 oder weniger,w
Gerda,4 oder weniger,w
Grete,4 oder weniger,w
Hala,4 oder weniger,w
Halima,4 oder weniger,w
Hannah-Marie,4 oder weniger,w
Helin,4 oder weniger,w
Henrietta,4 oder weniger,w
Hilda,4 oder weniger,w
Hollie,4 oder weniger,w
Huda,4 oder weniger,w
Ilma,4 oder weniger,w
Iman,4 oder weniger,w
Imane,4 oder weniger,w
Imani,4 oder weniger,w
Inara,4 oder weniger,w
Ines,4 oder weniger,w
Ioana,4 oder weniger,w
Irma,4 oder weniger,w
Isabela,4 oder weniger,w
Iskra,4 oder weniger,w
Isolde,4 oder weniger,w
Janina,4 oder weniger,w
Jasmina,4 oder weniger,w
Jessica,4 oder weniger,w
Jessy,4 oder weniger,w
Joanna,4 oder weniger,w
Jolanda,4 oder weniger,w
Jona,4 oder weniger,w
Josefina,4 oder weniger,w
Júlia,4 oder weniger,w
Juliana,4 oder weniger,w
Julianna,4 oder weniger,w
Julika,4 oder weniger,w
Julina,4 oder weniger,w
Kaja,4 oder weniger,w
Kalea,4 oder weniger,w
Kalia,4 oder weniger,w
Kamila,4 oder weniger,w
Karolina,4 oder weniger,w
Katerina,4 oder weniger,w
Katja,4 oder weniger,w
Kausar,4 oder weniger,w
Kayla,4 oder weniger,w
Kayra,4 oder weniger,w
Kenza,4 oder weniger,w
Kiki,4 oder weniger,w
Kristina,4 oder weniger,w
Laila,4 oder weniger,w
Lavinia,4 oder weniger,w
Léa,4 oder weniger,w
Leia,4 oder weniger,w
Lela,4 oder weniger,w
Lene,4 oder weniger,w
Lenia,4 oder weniger,w
Leona,4 oder weniger,w
Leya,4 oder weniger,w
Liah,4 oder weniger,w
Lieselotte,4 oder weniger,w
Lilya,4 oder weniger,w
Linea,4 oder weniger,w
Lioba,4 oder weniger,w
Liyana,4 oder weniger,w
Loreley,4 oder weniger,w
Lorina,4 oder weniger,w
Louana,4 oder weniger,w
Lovis,4 oder weniger,w
Luci,4 oder weniger,w
Ludovica,4 oder weniger,w
Lya,4 oder weniger,w
Lynn,4 oder weniger,w
Lyra,4 oder weniger,w
Madeleine,4 oder weniger,w
Mafalda,4 oder weniger,w
Magda,4 oder weniger,w
Mahdia,4 oder weniger,w
Maira,4 oder weniger,w
Maite,4 oder weniger,w
Malak,4 oder weniger,w
Malin,4 oder weniger,w
Manessa,4 oder weniger,w
Manuela,4 oder weniger,w
Margarete,4 oder weniger,w
Margarita,4 oder weniger,w
Marie-Sophie,4 oder weniger,w
Marieluise,4 oder weniger,w
Marika,4 oder weniger,w
Marilena,4 oder weniger,w
Marit,4 oder weniger,w
Marlie,4 oder weniger,w
Mayla,4 oder weniger,w
Mayra,4 oder weniger,w
Meike,4 oder weniger,w
Melis,4 oder weniger,w
Meliya,4 oder weniger,w
Merjem,4 oder weniger,w
Michelle,4 oder weniger,w
Mihaela,4 oder weniger,w
Miracle,4 oder weniger,w
Miral,4 oder weniger,w
Nadin,4 oder weniger,w
Nadine,4 oder weniger,w
Naima,4 oder weniger,w
Nakshatra,4 oder weniger,w
Natali,4 oder weniger,w
Neda,4 oder weniger,w
Nefes,4 oder weniger,w
Nella,4 oder weniger,w
Nevena,4 oder weniger,w
Nia,4 oder weniger,w
Nicola,4 oder weniger,w
Nikita,4 oder weniger,w
Nila,4 oder weniger,w
Noelia,4 oder weniger,w
Nour,4 oder weniger,w
Nura,4 oder weniger,w
Nuria,4 oder weniger,w
Olympia,4 oder weniger,w
Ottilie,4 oder weniger,w
Paola,4 oder weniger,w
Patricia,4 oder weniger,w
Paulin,4 oder weniger,w
Pelin,4 oder weniger,w
Pheline,4 oder weniger,w
Pola,4 oder weniger,w
Polly,4 oder weniger,w
Priscilla,4 oder weniger,w
Rabia,4 oder weniger,w
Rachel,4 oder weniger,w
Ragna,4 oder weniger,w
Rahma,4 oder weniger,w
Rana,4 oder weniger,w
Raphaela,4 oder weniger,w
Rateel,4 oder weniger,w
Rea,4 oder weniger,w
Réka,4 oder weniger,w
Rihanna,4 oder weniger,w
Robyn,4 oder weniger,w
Romaissa,4 oder weniger,w
Rosalia,4 oder weniger,w
Rose,4 oder weniger,w
Rosi,4 oder weniger,w
Ruth,4 oder weniger,w
Sabrina,4 oder weniger,w
Safia,4 oder weniger,w
Sally,4 oder weniger,w
Salome,4 oder weniger,w
Sama,4 oder weniger,w
Samantha,4 oder weniger,w
Samia,4 oder weniger,w
Scarlett,4 oder weniger,w
Selena,4 oder weniger,w
Seraphina,4 oder weniger,w
Shanaya,4 oder weniger,w
Shirin,4 oder weniger,w
Siara,4 oder weniger,w
Sienna,4 oder weniger,w
Skyla,4 oder weniger,w
Sofía,4 oder weniger,w
Stefania,4 oder weniger,w
Susana,4 oder weniger,w
Svea,4 oder weniger,w
Talin,4 oder weniger,w
Tamina,4 oder weniger,w
Tania,4 oder weniger,w
Tanvi,4 oder weniger,w
Tatjana,4 oder weniger,w
Tea,4 oder weniger,w
Thalia,4 oder weniger,w
Theodora,4 oder weniger,w
Theresia,4 oder weniger,w
Tiara,4 oder weniger,w
Tina,4 oder weniger,w
Toni,4 oder weniger,w
Tonia,4 oder weniger,w
Tooba,4 oder weniger,w
Twisha,4 oder weniger,w
Verena,4 oder weniger,w
Violetta,4 oder weniger,w
Viviana,4 oder weniger,w
Vivienne,4 oder weniger,w
Wanda,4 oder weniger,w
Wiktoria,4 oder weniger,w
Yana,4 oder weniger,w
Yaren,4 oder weniger,w
Ylva,4 oder weniger,w
Ylvie,4 oder weniger,w
Yui,4 oder weniger,w
Yusra,4 oder weniger,w
Zainab,4 oder weniger,w
Zélie,4 oder weniger,w
Zlata,4 oder weniger,w
Zoë,4 oder weniger,w
Zoey,4 oder weniger,w
Zofia,4 oder weniger,w
Zoya,4 oder weniger,w
Aada,4 oder weniger,w
Aadhavi,4 oder weniger,w
Aadhya,4 oder weniger,w
Aaliyah-Natalia,4 oder weniger,w
Aamanee,4 oder weniger,w
Aaradhika,4 oder weniger,w
Aarna,4 oder weniger,w
Aarohi,4 oder weniger,w
Aarvi,4 oder weniger,w
Aarya,4 oder weniger,w
Aashriya,4 oder weniger,w
Aastha,4 oder weniger,w
Aayat,4 oder weniger,w
Aayra,4 oder weniger,w
Abigayl,4 oder weniger,w
Abril,4 oder weniger,w
Acelya,4 oder weniger,w
Adah,4 oder weniger,w
Adea,4 oder weniger,w
Adel,4 oder weniger,w
Adèle,4 oder weniger,w
Adélie,4 oder weniger,w
Adey,4 oder weniger,w
Adhira,4 oder weniger,w
Adira,4 oder weniger,w
Adla,4 oder weniger,w
Adna,4 oder weniger,w
Adnella,4 oder weniger,w
Aemilia,4 oder weniger,w
Afnen,4 oder weniger,w
Afroditi,4 oder weniger,w
Afruza,4 oder weniger,w
Afsana,4 oder weniger,w
Agam,4 oder weniger,w
Agapi,4 oder weniger,w
Aggeliki,4 oder weniger,w
Aglaja,4 oder weniger,w
Ahana,4 oder weniger,w
Ai-Vy,4 oder weniger,w
Aika,4 oder weniger,w
Aikaterini,4 oder weniger,w
Aiko,4 oder weniger,w
Aileen,4 oder weniger,w
Aimée,4 oder weniger,w
Aimen,4 oder weniger,w
Airi,4 oder weniger,w
Aitana,4 oder weniger,w
Aiya,4 oder weniger,w
Ajete,4 oder weniger,w
Ajlina,4 oder weniger,w
Ajša,4 oder weniger,w
Ako,4 oder weniger,w
Aksa,4 oder weniger,w
Akshara,4 oder weniger,w
Alaa,4 oder weniger,w
Alaja,4 oder weniger,w
Alanda,4 oder weniger,w
Aleen,4 oder weniger,w
Alenja,4 oder weniger,w
Alesia,4 oder weniger,w
Alesja,4 oder weniger,w
Alessandra,4 oder weniger,w
Aleyda,4 oder weniger,w
Alida,4 oder weniger,w
Aliénor,4 oder weniger,w
Alik,4 oder weniger,w
Alika,4 oder weniger,w
Alis,4 oder weniger,w
Alisija,4 oder weniger,w
Aliya-Marie,4 oder weniger,w
Alizee,4 oder weniger,w
Almaas,4 oder weniger,w
Almedina,4 oder weniger,w
Almina,4 oder weniger,w
Almira-Nur,4 oder weniger,w
Alora,4 oder weniger,w
Amalie,4 oder weniger,w
Amani,4 oder weniger,w
Amedea,4 oder weniger,w
Ameli,4 oder weniger,w
Amelía-Louis,4 oder weniger,w
Amely,4 oder weniger,w
Amenah,4 oder weniger,w
Amie,4 oder weniger,w
Amielle,4 oder weniger,w
Amiena,4 oder weniger,w
Amiliah,4 oder weniger,w
Amna,4 oder weniger,w
Amra,4 oder weniger,w
Ana-Lucia,4 oder weniger,w
Anaahi,4 oder weniger,w
Anab,4 oder weniger,w
Anaïs,4 oder weniger,w
Anaisha,4 oder weniger,w
Analía,4 oder weniger,w
Anastasia-Maria,4 oder weniger,w
Anastasya,4 oder weniger,w
Anda,4 oder weniger,w
Andina,4 oder weniger,w
Andrada,4 oder weniger,w
Andreea,4 oder weniger,w
Andreja,4 oder weniger,w
Andriana,4 oder weniger,w
Andrijana,4 oder weniger,w
Anela,4 oder weniger,w
Anesa,4 oder weniger,w
Angel,4 oder weniger,w
Angeliki,4 oder weniger,w
Ani,4 oder weniger,w
Aniek,4 oder weniger,w
Anissa,4 oder weniger,w
Anka,4 oder weniger,w
Ann-Sophie,4 oder weniger,w
Anna-Eleftheria,4 oder weniger,w
Anna-Sophia,4 oder weniger,w
Annabel,4 oder weniger,w
Annaléna,4 oder weniger,w
Annalina,4 oder weniger,w
Annalina-Sophie,4 oder weniger,w
Annasofia,4 oder weniger,w
Anne,4 oder weniger,w
Anne-Fleur,4 oder weniger,w
Annet,4 oder weniger,w
Annett,4 oder weniger,w
Anny,4 oder weniger,w
Anoma,4 oder weniger,w
Anthea,4 oder weniger,w
Antonela,4 oder weniger,w
Antonella,4 oder weniger,w
Anuk,4 oder weniger,w
Anwaar,4 oder weniger,w
Anwika,4 oder weniger,w
Anya,4 oder weniger,w
Aracely,4 oder weniger,w
Ariana,4 oder weniger,w
Ariela,4 oder weniger,w
Ariiana,4 oder weniger,w
Arina,4 oder weniger,w
Ariya,4 oder weniger,w
Arjona,4 oder weniger,w
Arlet,4 oder weniger,w
Arlina,4 oder weniger,w
Arsema,4 oder weniger,w
Arsiema,4 oder weniger,w
Artemis,4 oder weniger,w
Aryanna,4 oder weniger,w
Asije,4 oder weniger,w
Asila,4 oder weniger,w
Asinat,4 oder weniger,w
Asmaa,4 oder weniger,w
Asna,4 oder weniger,w
Asriyah,4 oder weniger,w
Asteria,4 oder weniger,w
Asude,4 oder weniger,w
Atanaska,4 oder weniger,w
Atena,4 oder weniger,w
Athina,4 oder weniger,w
Athraa,4 oder weniger,w
Atinuke,4 oder weniger,w
Atiya,4 oder weniger,w
Augusta,4 oder weniger,w
Auguste,4 oder weniger,w
Aura,4 oder weniger,w
Aurea,4 oder weniger,w
Auri,4 oder weniger,w
Aurora-Fee,4 oder weniger,w
Austeja,4 oder weniger,w
Avani,4 oder weniger,w
Avery-Princess,4 oder weniger,w
Avin,4 oder weniger,w
Avona,4 oder weniger,w
Avril,4 oder weniger,w
Awa,4 oder weniger,w
Awrst,4 oder weniger,w
Ayat,4 oder weniger,w
Ayatullah,4 oder weniger,w
Ayesha,4 oder weniger,w
Ayleen,4 oder weniger,w
Ayse,4 oder weniger,w
Aysen,4 oder weniger,w
Aysha,4 oder weniger,w
Aysima,4 oder weniger,w
Ayzira,4 oder weniger,w
Azferene,4 oder weniger,w
Baaba,4 oder weniger,w
Baani,4 oder weniger,w
Babirye,4 oder weniger,w
Barbare,4 oder weniger,w
Barwaqo,4 oder weniger,w
Basma,4 oder weniger,w
Baya,4 oder weniger,w
Bayan,4 oder weniger,w
Beate,4 oder weniger,w
Beatris,4 oder weniger,w
Beatrix-Bianka,4 oder weniger,w
Beatriz,4 oder weniger,w
Belinay,4 oder weniger,w
Belinda,4 oder weniger,w
Bellissima,4 oder weniger,w
Belma,4 oder weniger,w
Benazir,4 oder weniger,w
Benja,4 oder weniger,w
Berenice,4 oder weniger,w
Beret,4 oder weniger,w
Berfin,4 oder weniger,w
Berra,4 oder weniger,w
Bersan,4 oder weniger,w
Berta,4 oder weniger,w
Bethany,4 oder weniger,w
Betina,4 oder weniger,w
Beya,4 oder weniger,w
Beyen,4 oder weniger,w
Bianca,4 oder weniger,w
Bianka,4 oder weniger,w
Bibi-Amina,4 oder weniger,w
Billie,4 oder weniger,w
Bintu,4 oder weniger,w
Blanka,4 oder weniger,w
Blen,4 oder weniger,w
Blerona,4 oder weniger,w
Blessing,4 oder weniger,w
Bleta,4 oder weniger,w
Blossom,4 oder weniger,w
Bo,4 oder weniger,w
Bonnie,4 oder weniger,w
Bora,4 oder weniger,w
Branislava,4 oder weniger,w
Buna,4 oder weniger,w
Büsra,4 oder weniger,w
Caia,4 oder weniger,w
Calie,4 oder weniger,w
Candace,4 oder weniger,w
Carlina,4 oder weniger,w
Carolin,4 oder weniger,w
Casilda,4 oder weniger,w
Cassandra,4 oder weniger,w
Cataleya,4 oder weniger,w
Catharina,4 oder weniger,w
Catherina,4 oder weniger,w
Catherine,4 oder weniger,w
Cayetana,4 oder weniger,w
Cécile,4 oder weniger,w
Cecília,4 oder weniger,w
Cécilia,4 oder weniger,w
Celestine,4 oder weniger,w
Célina,4 oder weniger,w
Céline,4 oder weniger,w
Cemre,4 oder weniger,w
Ceren,4 oder weniger,w
Ceyda,4 oder weniger,w
Ceyla,4 oder weniger,w
Chanudi,4 oder weniger,w
Charleen,4 oder weniger,w
Charlene,4 oder weniger,w
Charline,4 oder weniger,w
Charlotta,4 oder weniger,w
Chiara-Sofia,4 oder weniger,w
Chinaza,4 oder weniger,w
Chioma,4 oder weniger,w
Chitkala,4 oder weniger,w
Christabel,4 oder weniger,w
Christelle,4 oder weniger,w
Chuhan,4 oder weniger,w
Cila,4 oder weniger,w
Ciparra,4 oder weniger,w
Cirin,4 oder weniger,w
Clarissa,4 oder weniger,w
Claudia,4 oder weniger,w
Clementine,4 oder weniger,w
Cleo-Feline,4 oder weniger,w
Cleo-Manon,4 oder weniger,w
Cléonice,4 oder weniger,w
Coco,4 oder weniger,w
Colien,4 oder weniger,w
Dafinka,4 oder weniger,w
Dafne,4 oder weniger,w
Dagmar,4 oder weniger,w
Daiana,4 oder weniger,w
Daiana-Rose,4 oder weniger,w
Daisa,4 oder weniger,w
Daisy,4 oder weniger,w
Damini,4 oder weniger,w
Damla,4 oder weniger,w
Daphné,4 oder weniger,w
Darija,4 oder weniger,w
Darin,4 oder weniger,w
Daya,4 oder weniger,w
Dayana,4 oder weniger,w
Debora,4 oder weniger,w
Delel,4 oder weniger,w
Delois,4 oder weniger,w
Delojanaa,4 oder weniger,w
Delphine,4 oder weniger,w
Delsa,4 oder weniger,w
Demiana,4 oder weniger,w
Denise,4 oder weniger,w
Derin,4 oder weniger,w
Desire,4 oder weniger,w
Désirée,4 oder weniger,w
Despina,4 oder weniger,w
Destiny,4 oder weniger,w
Devyani,4 oder weniger,w
Dhiyaa,4 oder weniger,w
Dhiyara,4 oder weniger,w
Dhriti,4 oder weniger,w
Diala,4 oder weniger,w
Diamond,4 oder weniger,w
Diane,4 oder weniger,w
Diarra,4 oder weniger,w
Diba,4 oder weniger,w
Dienaba,4 oder weniger,w
Dilay,4 oder weniger,w
Dilber,4 oder weniger,w
Diletta,4 oder weniger,w
Dilma,4 oder weniger,w
Dilvin,4 oder weniger,w
Diora,4 oder weniger,w
Dipshika,4 oder weniger,w
Divine,4 oder weniger,w
Diya,4 oder weniger,w
Dlien,4 oder weniger,w
Dlkhwaz,4 oder weniger,w
Doa,4 oder weniger,w
Donia,4 oder weniger,w
Donya,4 oder weniger,w
Dorcas,4 oder weniger,w
Dorothea,4 oder weniger,w
Dorothy,4 oder weniger,w
Duna,4 oder weniger,w
Dunya,4 oder weniger,w
Džejla,4 oder weniger,w
Ðzejla,4 oder weniger,w
Earta,4 oder weniger,w
Ece,4 oder weniger,w
Edith,4 oder weniger,w
Eflin,4 oder weniger,w
Eghosa,4 oder weniger,w
Eila,4 oder weniger,w
Ekaterina,4 oder weniger,w
Elayla,4 oder weniger,w
Eleah,4 oder weniger,w
Eleana,4 oder weniger,w
Eleanora,4 oder weniger,w
Electra,4 oder weniger,w
Elen,4 oder weniger,w
Eléna,4 oder weniger,w
Eleonor,4 oder weniger,w
Éléonore,4 oder weniger,w
Elfi,4 oder weniger,w
Elfie,4 oder weniger,w
Elian,4 oder weniger,w
Elif-Hüma,4 oder weniger,w
Elina-Alicia,4 oder weniger,w
Eline,4 oder weniger,w
Elioenai,4 oder weniger,w
Elis,4 oder weniger,w
Elisabeta,4 oder weniger,w
Elisabetta,4 oder weniger,w
Elisavet,4 oder weniger,w
Eliška,4 oder weniger,w
Elissavet,4 oder weniger,w
Elisso,4 oder weniger,w
Eliv,4 oder weniger,w
Eliz,4 oder weniger,w
Elizabell,4 oder weniger,w
Eljana,4 oder weniger,w
Eljesa,4 oder weniger,w
Ellena,4 oder weniger,w
Ellenor,4 oder weniger,w
Elmira,4 oder weniger,w
Elnaz,4 oder weniger,w
Èlodie,4 oder weniger,w
Elpida,4 oder weniger,w
Elva,4 oder weniger,w
Elvana,4 oder weniger,w
Elvin,4 oder weniger,w
Elyn,4 oder weniger,w
Emana,4 oder weniger,w
Emanet,4 oder weniger,w
Emelena,4 oder weniger,w
Emelia,4 oder weniger,w
Emi,4 oder weniger,w
Emia,4 oder weniger,w
Emiko,4 oder weniger,w
Emilija,4 oder weniger,w
Emine,4 oder weniger,w
Emma-Marija,4 oder weniger,w
Emma-Sophie,4 oder weniger,w
Emma-Victoria,4 oder weniger,w
Emmanouela,4 oder weniger,w
Emmanuella,4 oder weniger,w
Emmanuelle,4 oder weniger,w
Emmeline,4 oder weniger,w
Emmylou,4 oder weniger,w
Emy,4 oder weniger,w
Enara,4 oder weniger,w
Engla,4 oder weniger,w
Eni,4 oder weniger,w
Enisa,4 oder weniger,w
Enji,4 oder weniger,w
Ennie,4 oder weniger,w
Entela,4 oder weniger,w
Enya,4 oder weniger,w
Erda,4 oder weniger,w
Erika,4 oder weniger,w
Ernestine,4 oder weniger,w
Ersilia,4 oder weniger,w
Eryne,4 oder weniger,w
Eslina,4 oder weniger,w
Esmeralda,4 oder weniger,w
Esperida,4 oder weniger,w
Essi,4 oder weniger,w
Estefania,4 oder weniger,w
Estela,4 oder weniger,w
Estera,4 oder weniger,w
Etvana,4 oder weniger,w
Eunice,4 oder weniger,w
Evagelia,4 oder weniger,w
Evanthia,4 oder weniger,w
Evelyn-Hanna,4 oder weniger,w
Evelyne,4 oder weniger,w
Evgenija,4 oder weniger,w
Evi,4 oder weniger,w
Evia,4 oder weniger,w
Evlin,4 oder weniger,w
Evrim,4 oder weniger,w
Ewa,4 oder weniger,w
Ewelina,4 oder weniger,w
Eyla,4 oder weniger,w
Eylül,4 oder weniger,w
Ezo,4 oder weniger,w
Fabiana,4 oder weniger,w
Fakiha,4 oder weniger,w
Fanka,4 oder weniger,w
Fanni,4 oder weniger,w
Farah,4 oder weniger,w
Farhin,4 oder weniger,w
Farishta,4 oder weniger,w
Faryal,4 oder weniger,w
Fatmata,4 oder weniger,w
Fatoumata,4 oder weniger,w
Feena,4 oder weniger,w
Felicja,4 oder weniger,w
Felipa,4 oder weniger,w
Felipa-Sophie,4 oder weniger,w
Felix,4 oder weniger,w
Felizia,4 oder weniger,w
Fenja,4 oder weniger,w
Fenna,4 oder weniger,w
Fenya,4 oder weniger,w
Fey,4 oder weniger,w
Feyza,4 oder weniger,w
Fiamma,4 oder weniger,w
Fibie,4 oder weniger,w
Fides,4 oder weniger,w
Filia,4 oder weniger,w
Filsan,4 oder weniger,w
Fina,4 oder weniger,w
Fine,4 oder weniger,w
Fini,4 oder weniger,w
Finley,4 oder weniger,w
Finnie,4 oder weniger,w
Finnja,4 oder weniger,w
Finya,4 oder weniger,w
Fira,4 oder weniger,w
Firdaus,4 oder weniger,w
Firose,4 oder weniger,w
Fitia,4 oder weniger,w
Fitore,4 oder weniger,w
Flavia,4 oder weniger,w
Florence,4 oder weniger,w
Flourish,4 oder weniger,w
Foteini,4 oder weniger,w
Frances,4 oder weniger,w
Francesca,4 oder weniger,w
Frankie,4 oder weniger,w
Fumi,4 oder weniger,w
Gabrielle,4 oder weniger,w
Gaja,4 oder weniger,w
Gala,4 oder weniger,w
Galia,4 oder weniger,w
Garance,4 oder weniger,w
Ghiana,4 oder weniger,w
Giada,4 oder weniger,w
Ginebra,4 oder weniger,w
Gioia,4 oder weniger,w
Giorgia,4 oder weniger,w
Golda,4 oder weniger,w
Gréta,4 oder weniger,w
Grishma,4 oder weniger,w
Gül,4 oder weniger,w
Güler,4 oder weniger,w
Gulijana,4 oder weniger,w
Gülsen,4 oder weniger,w
Gürcü,4 oder weniger,w
Gwendolen,4 oder weniger,w
Gwendolin,4 oder weniger,w
H<U+1ED3>ng,4 oder weniger,w
Hà,4 oder weniger,w
Hadiya,4 oder weniger,w
Halina,4 oder weniger,w
Hallie,4 oder weniger,w
Hamasa,4 oder weniger,w
Hanan,4 oder weniger,w
Haneen,4 oder weniger,w
Haniya,4 oder weniger,w
Hannah-Kamilla,4 oder weniger,w
Hannelore,4 oder weniger,w
Hanni,4 oder weniger,w
Harika,4 oder weniger,w
Hassanat,4 oder weniger,w
Hava,4 oder weniger,w
Havin,4 oder weniger,w
Haya,4 oder weniger,w
Hazal,4 oder weniger,w
Hazel,4 oder weniger,w
Heba,4 oder weniger,w
Hedda,4 oder weniger,w
Hedwig,4 oder weniger,w
Heidi,4 oder weniger,w
Hela,4 oder weniger,w
Helan,4 oder weniger,w
Hella,4 oder weniger,w
Hellen,4 oder weniger,w
Hellena,4 oder weniger,w
Helmine,4 oder weniger,w
Héloïse,4 oder weniger,w
Helvin,4 oder weniger,w
Hely,4 oder weniger,w
Hendrina,4 oder weniger,w
Hermine,4 oder weniger,w
Hevin,4 oder weniger,w
Hiba,4 oder weniger,w
Hidajete,4 oder weniger,w
Hidaya,4 oder weniger,w
Hilal,4 oder weniger,w
Hilla,4 oder weniger,w
Hilma,4 oder weniger,w
Hina,4 oder weniger,w
Hinar,4 oder weniger,w
Hindou,4 oder weniger,w
Hiranur,4 oder weniger,w
Holly,4 oder weniger,w
Hope,4 oder weniger,w
Hristoslava,4 oder weniger,w
Hritika,4 oder weniger,w
Husna,4 oder weniger,w
Iana,4 oder weniger,w
Iasmin,4 oder weniger,w
Ibhade,4 oder weniger,w
Icia,4 oder weniger,w
Ida-Talvi,4 oder weniger,w
Igbal,4 oder weniger,w
Ikbal,4 oder weniger,w
Ikhlas,4 oder weniger,w
Ikra,4 oder weniger,w
Ilana,4 oder weniger,w
Ilay,4 oder weniger,w
Ilayda,4 oder weniger,w
Ileen,4 oder weniger,w
Ileyna,4 oder weniger,w
Ilham,4 oder weniger,w
Iliana,4 oder weniger,w
Ilioni,4 oder weniger,w
Illa,4 oder weniger,w
Ilona,4 oder weniger,w
Ilsa,4 oder weniger,w
Ilse,4 oder weniger,w
Ilwad,4 oder weniger,w
Ilyana,4 oder weniger,w
Imaan,4 oder weniger,w
Imana,4 oder weniger,w
Imra,4 oder weniger,w
Inaaya,4 oder weniger,w
Inas,4 oder weniger,w
Inaya,4 oder weniger,w
Inge,4 oder weniger,w
Ioanna,4 oder weniger,w
Ioanna-Maria,4 oder weniger,w
Irem,4 oder weniger,w
Iride,4 oder weniger,w
Irina,4 oder weniger,w
Íris,4 oder weniger,w
Isabella-Ilinka,4 oder weniger,w
Isabella-Maria,4 oder weniger,w
Isabella-Zoe,4 oder weniger,w
Isadora,4 oder weniger,w
Isanela,4 oder weniger,w
Isaura,4 oder weniger,w
Ishana,4 oder weniger,w
Ishanvi,4 oder weniger,w
Isil,4 oder weniger,w
Isma,4 oder weniger,w
Ismini,4 oder weniger,w
Isra,4 oder weniger,w
Israa,4 oder weniger,w
Ivi,4 oder weniger,w
Ivona,4 oder weniger,w
Izabela,4 oder weniger,w
Izanaya,4 oder weniger,w
Izza,4 oder weniger,w
Jabou,4 oder weniger,w
Jacinta,4 oder weniger,w
Jackie,4 oder weniger,w
Jade,4 oder weniger,w
Jale,4 oder weniger,w
Jaliah,4 oder weniger,w
Janasia,4 oder weniger,w
Jane,4 oder weniger,w
Jannat,4 oder weniger,w
Janne,4 oder weniger,w
Janvika,4 oder weniger,w
Jayla,4 oder weniger,w
Jázmin,4 oder weniger,w
Jelena,4 oder weniger,w
Jelina,4 oder weniger,w
Jena,4 oder weniger,w
Jenny,4 oder weniger,w
Jette,4 oder weniger,w
Jillien,4 oder weniger,w
Joana,4 oder weniger,w
Jodie,4 oder weniger,w
Joela,4 oder weniger,w
Johanna-Marie,4 oder weniger,w
Jola,4 oder weniger,w
Jolán,4 oder weniger,w
Joleen,4 oder weniger,w
Jolina,4 oder weniger,w
Josefa,4 oder weniger,w
Josefin,4 oder weniger,w
Joséphine,4 oder weniger,w
Josi,4 oder weniger,w
Joudy,4 oder weniger,w
Jovana,4 oder weniger,w
Judi,4 oder weniger,w
Juli,4 oder weniger,w
Julie,4 oder weniger,w
Juliet,4 oder weniger,w
Julieta,4 oder weniger,w
Julijana,4 oder weniger,w
Julita,4 oder weniger,w
Jumana,4 oder weniger,w
Jun,4 oder weniger,w
Junika,4 oder weniger,w
Jusra,4 oder weniger,w
Juveiriya,4 oder weniger,w
Kadriye,4 oder weniger,w
Kainat,4 oder weniger,w
Kaitlyn,4 oder weniger,w
Kala,4 oder weniger,w
Kali,4 oder weniger,w
Kalliope,4 oder weniger,w
Kamissa,4 oder weniger,w
Kanea,4 oder weniger,w
Kani,4 oder weniger,w
Kansa,4 oder weniger,w
Kara,4 oder weniger,w
Kariima,4 oder weniger,w
Karina,4 oder weniger,w
Karlina,4 oder weniger,w
Kata,4 oder weniger,w
Katarzyna,4 oder weniger,w
Katelyn,4 oder weniger,w
Kathalea,4 oder weniger,w
Käthe,4 oder weniger,w
Katrin,4 oder weniger,w
Katrina,4 oder weniger,w
Katya,4 oder weniger,w
Kea,4 oder weniger,w
Keerthi,4 oder weniger,w
Keira,4 oder weniger,w
Kestra,4 oder weniger,w
Khadidija,4 oder weniger,w
Khadija,4 oder weniger,w
Khalila,4 oder weniger,w
Khanh,4 oder weniger,w
Khánh,4 oder weniger,w
Kiana,4 oder weniger,w
Kiarra,4 oder weniger,w
Kimiya,4 oder weniger,w
Kliticia,4 oder weniger,w
Konstantina,4 oder weniger,w
Kornelia,4 oder weniger,w
Kosar,4 oder weniger,w
Kowsar,4 oder weniger,w
Kristiana,4 oder weniger,w
Ksenia,4 oder weniger,w
Kylie,4 oder weniger,w
Kyriaki,4 oder weniger,w
Laana,4 oder weniger,w
Labiba,4 oder weniger,w
Laeticia,4 oder weniger,w
Laetizia,4 oder weniger,w
Laia,4 oder weniger,w
Laiba,4 oder weniger,w
Lale,4 oder weniger,w
Lalin,4 oder weniger,w
Lalitha,4 oder weniger,w
Lalla,4 oder weniger,w
Lamdon,4 oder weniger,w
Lamia,4 oder weniger,w
Lamija,4 oder weniger,w
Lamiya,4 oder weniger,w
Lamour,4 oder weniger,w
Lania,4 oder weniger,w
Laniya,4 oder weniger,w
Laren,4 oder weniger,w
Larisa,4 oder weniger,w
Lasya,4 oder weniger,w
Laure,4 oder weniger,w
Laurel,4 oder weniger,w
Laurell,4 oder weniger,w
Lauretta,4 oder weniger,w
Lava,4 oder weniger,w
Lavand,4 oder weniger,w
Lavin,4 oder weniger,w
Lavinya,4 oder weniger,w
Layal,4 oder weniger,w
Layana,4 oder weniger,w
Leah-Sophie,4 oder weniger,w
Leela,4 oder weniger,w
Leeloo,4 oder weniger,w
Leen,4 oder weniger,w
Leevke,4 oder weniger,w
Leire,4 oder weniger,w
Lelia,4 oder weniger,w
Lema,4 oder weniger,w
Lemana,4 oder weniger,w
Lenea,4 oder weniger,w
Leni-Marie,4 oder weniger,w
Lénie,4 oder weniger,w
Lennja,4 oder weniger,w
Lenya,4 oder weniger,w
Leo,4 oder weniger,w
Leokadia,4 oder weniger,w
Leomira,4 oder weniger,w
Leonardine,4 oder weniger,w
Leonisa,4 oder weniger,w
Leonita,4 oder weniger,w
Leora,4 oder weniger,w
Léou,4 oder weniger,w
Letícia,4 oder weniger,w
Leticia-Isabell,4 oder weniger,w
Letitia,4 oder weniger,w
Letti,4 oder weniger,w
Lewan,4 oder weniger,w
Leyla-Sophie,4 oder weniger,w
Leyna,4 oder weniger,w
Lhasa,4 oder weniger,w
Lian,4 oder weniger,w
Lianna,4 oder weniger,w
Liara,4 oder weniger,w
Lida,4 oder weniger,w
Lidia,4 oder weniger,w
Lidija,4 oder weniger,w
Liha,4 oder weniger,w
Lika,4 oder weniger,w
Lila,4 oder weniger,w
Lilana,4 oder weniger,w
Lili,4 oder weniger,w
Lilianna,4 oder weniger,w
Lilien,4 oder weniger,w
Lilja,4 oder weniger,w
Lilla,4 oder weniger,w
Lilli-Victoria,4 oder weniger,w
Lillja,4 oder weniger,w
Lilou,4 oder weniger,w
Lin,4 oder weniger,w
Linah,4 oder weniger,w
Lindjeta,4 oder weniger,w
Line,4 oder weniger,w
Linnéa,4 oder weniger,w
Linxi,4 oder weniger,w
Lio,4 oder weniger,w
Liona,4 oder weniger,w
Liora,4 oder weniger,w
Liridona,4 oder weniger,w
Lisaveta,4 oder weniger,w
Lisbeth,4 oder weniger,w
Livagül,4 oder weniger,w
Livana,4 oder weniger,w
Liz,4 oder weniger,w
Lizhi,4 oder weniger,w
Ljiljana,4 oder weniger,w
Lois,4 oder weniger,w
Lojin,4 oder weniger,w
Lora,4 oder weniger,w
Loreana,4 oder weniger,w
Loredana,4 oder weniger,w
Loreli,4 oder weniger,w
Loren,4 oder weniger,w
Lori,4 oder weniger,w
Lotti,4 oder weniger,w
Lottie,4 oder weniger,w
Louanne,4 oder weniger,w
Louie,4 oder weniger,w
Lourdes,4 oder weniger,w
Lovelyn,4 oder weniger,w
Lovierna,4 oder weniger,w
Lua,4 oder weniger,w
Luca,4 oder weniger,w
Lucia-Esther,4 oder weniger,w
Lucija,4 oder weniger,w
Lucila,4 oder weniger,w
Lucille,4 oder weniger,w
Lucinda,4 oder weniger,w
Luela,4 oder weniger,w
Lukjana,4 oder weniger,w
Lurdes,4 oder weniger,w
Lutfiah,4 oder weniger,w
Luwam,4 oder weniger,w
Luz,4 oder weniger,w
Luzie,4 oder weniger,w
Lydia,4 oder weniger,w
Lydiana,4 oder weniger,w
Lysimachi,4 oder weniger,w
Maala,4 oder weniger,w
Maali,4 oder weniger,w
Maaliyah,4 oder weniger,w
Mabel,4 oder weniger,w
Mada,4 oder weniger,w
Madeena,4 oder weniger,w
Madina,4 oder weniger,w
Madineh,4 oder weniger,w
Madison,4 oder weniger,w
Madlina,4 oder weniger,w
Mae,4 oder weniger,w
Maëlle,4 oder weniger,w
Maelys,4 oder weniger,w
Maeva,4 oder weniger,w
Magalie,4 oder weniger,w
Mahaba,4 oder weniger,w
Mahalia,4 oder weniger,w
Mahsa,4 oder weniger,w
Maialen,4 oder weniger,w
Maie,4 oder weniger,w
Mailin,4 oder weniger,w
Maimouna,4 oder weniger,w
Maimuna,4 oder weniger,w
Maïna,4 oder weniger,w
Maivi,4 oder weniger,w
Majd,4 oder weniger,w
Majvi,4 oder weniger,w
Makbela,4 oder weniger,w
Malala,4 oder weniger,w
Malene,4 oder weniger,w
Maliha,4 oder weniger,w
Maliyah,4 oder weniger,w
Maluh,4 oder weniger,w
Malva,4 oder weniger,w
Malvina,4 oder weniger,w
Manaka,4 oder weniger,w
Manal,4 oder weniger,w
Manisha,4 oder weniger,w
Manon,4 oder weniger,w
Maram,4 oder weniger,w
Maraya,4 oder weniger,w
Marcela,4 oder weniger,w
Marcelina,4 oder weniger,w
Maresa,4 oder weniger,w
Margaret,4 oder weniger,w
Margaretha,4 oder weniger,w
Margó,4 oder weniger,w
Margret,4 oder weniger,w
Mari,4 oder weniger,w
María,4 oder weniger,w
Maribel,4 oder weniger,w
Marie-Adalie,4 oder weniger,w
Marie-Louise,4 oder weniger,w
Marie-Luise,4 oder weniger,w
Mariebelle,4 oder weniger,w
Marieke,4 oder weniger,w
Mariel,4 oder weniger,w
Marielle,4 oder weniger,w
Mariesa,4 oder weniger,w
Marijana-Hermine,4 oder weniger,w
Marilène,4 oder weniger,w
Marina-Sofia,4 oder weniger,w
Mariola,4 oder weniger,w
Mariona,4 oder weniger,w
Marisia,4 oder weniger,w
Marissa,4 oder weniger,w
Mariye,4 oder weniger,w
Marjola,4 oder weniger,w
Markella,4 oder weniger,w
Marlen,4 oder weniger,w
Marlén,4 oder weniger,w
Marlène,4 oder weniger,w
Marli,4 oder weniger,w
Marlies,4 oder weniger,w
Marlis,4 oder weniger,w
Marni,4 oder weniger,w
Marya,4 oder weniger,w
Maša,4 oder weniger,w
Masal,4 oder weniger,w
Masha,4 oder weniger,w
Matilda-Therese,4 oder weniger,w
Maud,4 oder weniger,w
Maurin,4 oder weniger,w
Mawada,4 oder weniger,w
Maxi,4 oder weniger,w
Maxima,4 oder weniger,w
Maximilia,4 oder weniger,w
Maximiliane,4 oder weniger,w
May,4 oder weniger,w
Maymuun,4 oder weniger,w
Medea,4 oder weniger,w
Media,4 oder weniger,w
Medine,4 oder weniger,w
Meggie,4 oder weniger,w
Meghan,4 oder weniger,w
Meher,4 oder weniger,w
Mehrish,4 oder weniger,w
Mei,4 oder weniger,w
Melak,4 oder weniger,w
Melania,4 oder weniger,w
Melika,4 oder weniger,w
Mellina,4 oder weniger,w
Menesse,4 oder weniger,w
Meri,4 oder weniger,w
Merva,4 oder weniger,w
Meyran,4 oder weniger,w
Mia-Amalia,4 oder weniger,w
Mia-Lisa,4 oder weniger,w
Michaela,4 oder weniger,w
Mierell,4 oder weniger,w
Mihra,4 oder weniger,w
Mika,4 oder weniger,w
Mikaela,4 oder weniger,w
Mikayla,4 oder weniger,w
Mikiko,4 oder weniger,w
Milana,4 oder weniger,w
Milana-Marija,4 oder weniger,w
Milina,4 oder weniger,w
Milou,4 oder weniger,w
Minay,4 oder weniger,w
Minel,4 oder weniger,w
Mingyi,4 oder weniger,w
Minh,4 oder weniger,w
Minna,4 oder weniger,w
Minu,4 oder weniger,w
Mirabel,4 oder weniger,w
Mirabella,4 oder weniger,w
Miray-Su,4 oder weniger,w
Mirel,4 oder weniger,w
Mirela,4 oder weniger,w
Mirjam,4 oder weniger,w
Mirna,4 oder weniger,w
Mithila,4 oder weniger,w
Mitje,4 oder weniger,w
Miyase,4 oder weniger,w
Momo,4 oder weniger,w
Monica,4 oder weniger,w
Morsal,4 oder weniger,w
Mücize,4 oder weniger,w
Müjgan,4 oder weniger,w
Munira,4 oder weniger,w
Muqadas,4 oder weniger,w
Muqing,4 oder weniger,w
Mürside,4 oder weniger,w
Muskan,4 oder weniger,w
Mutaz,4 oder weniger,w
Muwahib,4 oder weniger,w
Muye,4 oder weniger,w
Muzhi,4 oder weniger,w
Mya,4 oder weniger,w
Myla,4 oder weniger,w
Myna,4 oder weniger,w
Myra,4 oder weniger,w
Naairah,4 oder weniger,w
Nadera,4 oder weniger,w
Nadhira,4 oder weniger,w
Nadia,4 oder weniger,w
Nadija,4 oder weniger,w
Nadiya,4 oder weniger,w
Naemi,4 oder weniger,w
Nafas,4 oder weniger,w
Nafie,4 oder weniger,w
Nafisa,4 oder weniger,w
Nahéma,4 oder weniger,w
Nahla,4 oder weniger,w
Naia,4 oder weniger,w
Naime,4 oder weniger,w
Naira,4 oder weniger,w
Najla,4 oder weniger,w
Nakato,4 oder weniger,w
Nandini,4 oder weniger,w
Nane,4 oder weniger,w
Nanoka,4 oder weniger,w
Nansi,4 oder weniger,w
Naomi-Chloé,4 oder weniger,w
Nara,4 oder weniger,w
Nare,4 oder weniger,w
Nargis,4 oder weniger,w
Narlen,4 oder weniger,w
Nashfaa,4 oder weniger,w
Nasirah,4 oder weniger,w
Natascha,4 oder weniger,w
Nathalie,4 oder weniger,w
Navira,4 oder weniger,w
Nayanika,4 oder weniger,w
Nayeli,4 oder weniger,w
Nazli,4 oder weniger,w
Neam,4 oder weniger,w
Neela,4 oder weniger,w
Neele,4 oder weniger,w
Neev,4 oder weniger,w
Neha,4 oder weniger,w
Nejra,4 oder weniger,w
Nektaria,4 oder weniger,w
Nel,4 oder weniger,w
Nelda,4 oder weniger,w
Nell,4 oder weniger,w
Neomi,4 oder weniger,w
Nephele,4 oder weniger,w
Nergis,4 oder weniger,w
Neris,4 oder weniger,w
Nesil,4 oder weniger,w
Neslisah,4 oder weniger,w
Neva,4 oder weniger,w
Neyla,4 oder weniger,w
Nezire,4 oder weniger,w
Ngone,4 oder weniger,w
Nidal,4 oder weniger,w
Nidhita,4 oder weniger,w
Nihal,4 oder weniger,w
Nikol,4 oder weniger,w
Nikola,4 oder weniger,w
Nikoleta,4 oder weniger,w
Nikoletta,4 oder weniger,w
Nil,4 oder weniger,w
Nilab,4 oder weniger,w
Nilah,4 oder weniger,w
Nimi,4 oder weniger,w
Nino,4 oder weniger,w
Nira,4 oder weniger,w
Nisanur,4 oder weniger,w
Nishitha,4 oder weniger,w
Nitara,4 oder weniger,w
Nitsa,4 oder weniger,w
Niya,4 oder weniger,w
Niyayesch,4 oder weniger,w
Noela,4 oder weniger,w
Noëlia,4 oder weniger,w
Noemí,4 oder weniger,w
Noémie,4 oder weniger,w
Nola,4 oder weniger,w
Nori,4 oder weniger,w
Noura,4 oder weniger,w
Nouri,4 oder weniger,w
Nova,4 oder weniger,w
Nuha,4 oder weniger,w
Nur,4 oder weniger,w
Nuri,4 oder weniger,w
Nurseli,4 oder weniger,w
Nusairah,4 oder weniger,w
Nyala,4 oder weniger,w
Oana,4 oder weniger,w
Océane,4 oder weniger,w
Oluchi,4 oder weniger,w
Oluwafikayomi,4 oder weniger,w
Omayra,4 oder weniger,w
Ophélia,4 oder weniger,w
Orana,4 oder weniger,w
Osaremen,4 oder weniger,w
Osasere,4 oder weniger,w
Özge,4 oder weniger,w
Özlem,4 oder weniger,w
Pandora,4 oder weniger,w
Paria,4 oder weniger,w
Pariya,4 oder weniger,w
Parya,4 oder weniger,w
Pascalina,4 oder weniger,w
Patrizia,4 oder weniger,w
Patrycja,4 oder weniger,w
Peyvin,4 oder weniger,w
Phelina,4 oder weniger,w
Phibi,4 oder weniger,w
Philina,4 oder weniger,w
Phuong,4 oder weniger,w
Pitoos,4 oder weniger,w
Pranshi,4 oder weniger,w
Precious,4 oder weniger,w
Purity,4 oder weniger,w
Quynh,4 oder weniger,w
Rabail,4 oder weniger,w
Rabeea,4 oder weniger,w
Rabeel,4 oder weniger,w
Rabiya,4 oder weniger,w
Rachele,4 oder weniger,w
Raelynn,4 oder weniger,w
Raetia,4 oder weniger,w
Rafaela,4 oder weniger,w
Rahaf,4 oder weniger,w
Rahela,4 oder weniger,w
Raisa,4 oder weniger,w
Rajana,4 oder weniger,w
Rajka,4 oder weniger,w
Ramia,4 oder weniger,w
Ramziya,4 oder weniger,w
Randa,4 oder weniger,w
Rania,4 oder weniger,w
Rasa,4 oder weniger,w
Rasta,4 oder weniger,w
Ravza,4 oder weniger,w
Rayan,4 oder weniger,w
Razen,4 oder weniger,w
Rebeka,4 oder weniger,w
Rebekka,4 oder weniger,w
Reina,4 oder weniger,w
Rejan,4 oder weniger,w
Rejjan-Shejma,4 oder weniger,w
Rejoice,4 oder weniger,w
Remie,4 oder weniger,w
Rena,4 oder weniger,w
Renate,4 oder weniger,w
Renea,4 oder weniger,w
Rewda,4 oder weniger,w
Reyhan,4 oder weniger,w
Reyhane,4 oder weniger,w
Reyyan,4 oder weniger,w
Rheya,4 oder weniger,w
Rieke,4 oder weniger,w
Riley,4 oder weniger,w
Ritaj,4 oder weniger,w
Ritika,4 oder weniger,w
Riva,4 oder weniger,w
Riyanshi,4 oder weniger,w
Riyasrita,4 oder weniger,w
Romi,4 oder weniger,w
Romie,4 oder weniger,w
Romina,4 oder weniger,w
Rona,4 oder weniger,w
Ronelda,4 oder weniger,w
Ronia,4 oder weniger,w
Ronika,4 oder weniger,w
Ronya,4 oder weniger,w
Rosa-Sophie,4 oder weniger,w
Rosamaria,4 oder weniger,w
Rosarie,4 oder weniger,w
Rosemarie,4 oder weniger,w
Rosmarie,4 oder weniger,w
Roua,4 oder weniger,w
Rouweyda,4 oder weniger,w
Roxana,4 oder weniger,w
Royhaan,4 oder weniger,w
Rubi,4 oder weniger,w
Ruhama,4 oder weniger,w
Ruhi,4 oder weniger,w
Rukaya,4 oder weniger,w
Ruliana,4 oder weniger,w
Runa,4 oder weniger,w
Rut,4 oder weniger,w
Rutvi,4 oder weniger,w
Ruveyde,4 oder weniger,w
Rüya,4 oder weniger,w
Saahira,4 oder weniger,w
Sadem,4 oder weniger,w
Safija,4 oder weniger,w
Safinaz,4 oder weniger,w
Safiya,4 oder weniger,w
Sahasra,4 oder weniger,w
Sahra,4 oder weniger,w
Sahre-Nur,4 oder weniger,w
Sai,4 oder weniger,w
Saibatu,4 oder weniger,w
Saira,4 oder weniger,w
Sakthisribhavani,4 oder weniger,w
Salima,4 oder weniger,w
Salina,4 oder weniger,w
Saliyan,4 oder weniger,w
Salma,4 oder weniger,w
Samar,4 oder weniger,w
Samaya,4 oder weniger,w
Sampritya,4 oder weniger,w
Sana,4 oder weniger,w
Sanah,4 oder weniger,w
Sanam,4 oder weniger,w
Sanela,4 oder weniger,w
Sanja,4 oder weniger,w
Sannem,4 oder weniger,w
Sara-Sophia,4 oder weniger,w
Sarai,4 oder weniger,w
Saraliya,4 oder weniger,w
Sariya,4 oder weniger,w
Sawda,4 oder weniger,w
Sayuri,4 oder weniger,w
Schahin,4 oder weniger,w
Sedina,4 oder weniger,w
Selenay,4 oder weniger,w
Selly,4 oder weniger,w
Senmi,4 oder weniger,w
Serin,4 oder weniger,w
Setila,4 oder weniger,w
Sevin,4 oder weniger,w
Shadya-Angelina,4 oder weniger,w
Shahrazad,4 oder weniger,w
Shaïma,4 oder weniger,w
Shaimaa,4 oder weniger,w
Shakira,4 oder weniger,w
Shanya,4 oder weniger,w
Sharania,4 oder weniger,w
Sharestan,4 oder weniger,w
Sharon,4 oder weniger,w
Sherifa,4 oder weniger,w
Sherin,4 oder weniger,w
Shilan,4 oder weniger,w
Shiloh,4 oder weniger,w
Shiraz,4 oder weniger,w
Shireen,4 oder weniger,w
Shkula,4 oder weniger,w
Shreshtha,4 oder weniger,w
Shreya,4 oder weniger,w
Shriya,4 oder weniger,w
Shura,4 oder weniger,w
Sia,4 oder weniger,w
Sibar,4 oder weniger,w
Simay,4 oder weniger,w
Simona,4 oder weniger,w
Sina,4 oder weniger,w
Sinja,4 oder weniger,w
Sira-Asel,4 oder weniger,w
Sirine,4 oder weniger,w
Sisira,4 oder weniger,w
Sissi,4 oder weniger,w
Ska,4 oder weniger,w
Skadid,4 oder weniger,w
Smilla,4 oder weniger,w
Snisha,4 oder weniger,w
Sofia-Ioana,4 oder weniger,w
Sofiya,4 oder weniger,w
Sofya,4 oder weniger,w
Solène,4 oder weniger,w
Soley,4 oder weniger,w
Solvej,4 oder weniger,w
Somi,4 oder weniger,w
Soraia,4 oder weniger,w
Soren,4 oder weniger,w
Sorina,4 oder weniger,w
Soujoud,4 oder weniger,w
Soultana,4 oder weniger,w
Soumaya,4 oder weniger,w
Soumela,4 oder weniger,w
Spoorthi,4 oder weniger,w
Stacy,4 oder weniger,w
Stefani,4 oder weniger,w
Stefania,4 oder weniger,w
Stefanie,4 oder weniger,w
Stina,4 oder weniger,w
Stuti,4 oder weniger,w
Su,4 oder weniger,w
Sufia,4 oder weniger,w
Sukeyne,4 oder weniger,w
Suki,4 oder weniger,w
Sukruti,4 oder weniger,w
Sumai,4 oder weniger,w
Sumaya,4 oder weniger,w
Sumayo,4 oder weniger,w
Sumeiya,4 oder weniger,w
Sumejja,4 oder weniger,w
Sumire,4 oder weniger,w
Sura,4 oder weniger,w
Suri,4 oder weniger,w
Susanna,4 oder weniger,w
Svenja,4 oder weniger,w
Sveva,4 oder weniger,w
Syeda,4 oder weniger,w
Sylvia,4 oder weniger,w
Tabarak,4 oder weniger,w
Tabea,4 oder weniger,w
Tabitha,4 oder weniger,w
Tadea,4 oder weniger,w
Taira,4 oder weniger,w
Taisia,4 oder weniger,w
Tala,4 oder weniger,w
Talaa,4 oder weniger,w
Talea,4 oder weniger,w
Tallulah,4 oder weniger,w
Talya,4 oder weniger,w
Tanaya,4 oder weniger,w
Tanea,4 oder weniger,w
Tanja,4 oder weniger,w
Téa,4 oder weniger,w
Teriesa,4 oder weniger,w
Th<U+1EA3>o,4 oder weniger,w
Thanh-Van,4 oder weniger,w
Thao,4 oder weniger,w
Thea-Luisa,4 oder weniger,w
Therese,4 oder weniger,w
Thioro,4 oder weniger,w
Thora,4 oder weniger,w
Thu-Ha,4 oder weniger,w
Thuy-Nga,4 oder weniger,w
Tia,4 oder weniger,w
Tijara,4 oder weniger,w
Tilla,4 oder weniger,w
Timea,4 oder weniger,w
Tinka,4 oder weniger,w
Tiona,4 oder weniger,w
Tisa,4 oder weniger,w
Tissa,4 oder weniger,w
Tola,4 oder weniger,w
Tonja,4 oder weniger,w
Tova,4 oder weniger,w
Tracy,4 oder weniger,w
Treasure,4 oder weniger,w
Trejsi,4 oder weniger,w
Trine,4 oder weniger,w
Trisa,4 oder weniger,w
Truong,4 oder weniger,w
Tsas,4 oder weniger,w
Tuana,4 oder weniger,w
Tukiya,4 oder weniger,w
Tuva,4 oder weniger,w
Tuyara,4 oder weniger,w
Uma,4 oder weniger,w
Umayma,4 oder weniger,w
Unique,4 oder weniger,w
Uriella,4 oder weniger,w
Uta,4 oder weniger,w
Vaiana,4 oder weniger,w
Valantina,4 oder weniger,w
Valarie,4 oder weniger,w
Valea,4 oder weniger,w
Vania,4 oder weniger,w
Varushka,4 oder weniger,w
Vasilia,4 oder weniger,w
Vasilija,4 oder weniger,w
Vasilisa,4 oder weniger,w
Vassilia,4 oder weniger,w
Vega,4 oder weniger,w
Velia,4 oder weniger,w
Venezia,4 oder weniger,w
Viana,4 oder weniger,w
Victory,4 oder weniger,w
Vihana,4 oder weniger,w
Violeta,4 oder weniger,w
Virginia,4 oder weniger,w
Vita,4 oder weniger,w
Vittoria,4 oder weniger,w
Viyana,4 oder weniger,w
Vrinda,4 oder weniger,w
Wayra,4 oder weniger,w
Wealth,4 oder weniger,w
Weronika,4 oder weniger,w
Whitney,4 oder weniger,w
Wina,4 oder weniger,w
Winas,4 oder weniger,w
Wu,4 oder weniger,w
Xenia,4 oder weniger,w
Xiaolan,4 oder weniger,w
Yade,4 oder weniger,w
Yagmur,4 oder weniger,w
Yalda,4 oder weniger,w
Yanara,4 oder weniger,w
Yanka,4 oder weniger,w
Yano,4 oder weniger,w
Yasamin,4 oder weniger,w
Yasemen,4 oder weniger,w
Yasmine,4 oder weniger,w
Yemariam,4 oder weniger,w
Yeriel,4 oder weniger,w
Yesui,4 oder weniger,w
Yezra,4 oder weniger,w
Yi,4 oder weniger,w
Yimu,4 oder weniger,w
Yinuo,4 oder weniger,w
Yitian,4 oder weniger,w
Yllka,4 oder weniger,w
Ylvi,4 oder weniger,w
Yoanna,4 oder weniger,w
Yoko,4 oder weniger,w
Yolina,4 oder weniger,w
Yousra,4 oder weniger,w
Yozge,4 oder weniger,w
Yulie,4 oder weniger,w
Yumi,4 oder weniger,w
Yva,4 oder weniger,w
Zafirah,4 oder weniger,w
Zahara,4 oder weniger,w
Zahra,4 oder weniger,w
Zahraa,4 oder weniger,w
Zaïnaba,4 oder weniger,w
Zanika,4 oder weniger,w
Zara-Liya,4 oder weniger,w
Zarin,4 oder weniger,w
Zeena,4 oder weniger,w
Zejna,4 oder weniger,w
Zelda,4 oder weniger,w
Zenobe,4 oder weniger,w
Zetong,4 oder weniger,w
Zeyneb-Mina,4 oder weniger,w
Zeynep-Duru,4 oder weniger,w
Zina,4 oder weniger,w
Zita,4 oder weniger,w
Zoa,4 oder weniger,w
Zohra,4 oder weniger,w
Zoi,4 oder weniger,w
Zola,4 oder weniger,w
Zsófia,4 oder weniger,w
Zulaiya,4 oder weniger,w
Zunaira,4 oder weniger,w
Zuri,4 oder weniger,w
Zuwairiya,4 oder weniger,w
Maximilian,144,m
Noah,123,m
Felix,115,m
Leon,113,m
Lukas,107,m
Jakob,94,m
Anton,89,m
Emil,85,m
Paul,85,m
Jonas,82,m
David,81,m
Samuel,78,m
Valentin,77,m
Leo,75,m
Moritz,74,m
Vincent,73,m
Luis,72,m
Alexander,71,m
Jonathan,71,m
Benjamin,64,m
Theo,63,m
Elias,61,m
Leopold,55,m
Julian,53,m
Oskar,52,m
Luca,50,m
Max,49,m
Philipp,49,m
Ferdinand,48,m
Theodor,48,m
Konstantin,47,m
Ludwig,47,m
Ben,46,m
Liam,45,m
Adam,44,m
Raphael,44,m
Gabriel,43,m
Leonard,43,m
Levi,41,m
Louis,41,m
Simon,41,m
Tim,41,m
Finn,40,m
Julius,39,m
Henry,38,m
Benedikt,37,m
Luka,35,m
Henri,32,m
Johannes,31,m
Daniel,30,m
Matteo,30,m
Karl,29,m
Mateo,29,m
Nicolas,29,m
Rafael,29,m
Aaron,28,m
Filip,28,m
Jonah,28,m
Niklas,28,m
Sebastian,27,m
Adrian,25,m
Michael,25,m
Erik,24,m
Oliver,24,m
Jan,23,m
Kilian,23,m
Leonardo,23,m
Nico,23,m
Carl,22,m
Lio,22,m
Caspar,21,m
Johann,21,m
Joshua,21,m
Lorenz,21,m
Lucas,21,m
Malik,21,m
Ali,20,m
Arthur,20,m
Franz,20,m
Linus,20,m
Milan,20,m
Miran,20,m
Bruno,19,m
Emir,19,m
Marko,19,m
Fabian,18,m
Hugo,18,m
Mats,18,m
Mika,18,m
Dominik,17,m
Fritz,17,m
Hamza,17,m
Milo,17,m
Oscar,17,m
Viktor,17,m
August,16,m
Carlo,16,m
Lian,16,m
Marlon,16,m
Xaver,16,m
Arian,15,m
Emilian,15,m
Emilio,15,m
Ilyas,15,m
Jona,15,m
Maxim,15,m
Quirin,15,m
Toni,15,m
Emanuel,14,m
Kian,14,m
Tobias,14,m
Tom,14,m
Victor,14,m
Aras,13,m
Constantin,13,m
Eric,13,m
Frederik,13,m
Gustav,13,m
Jacob,13,m
Martin,13,m
Nathan,13,m
Benno,12,m
Can,12,m
Damian,12,m
Joel,12,m
Justus,12,m
Lion,12,m
Luan,12,m
Matthias,12,m
Mattis,12,m
Noel,12,m
Amar,11,m
Florian,11,m
Georg,11,m
Korbinian,11,m
Laurin,11,m
Levin,11,m
Neo,11,m
Nils,11,m
Omar,11,m
Tristan,11,m
Ahmed,10,m
Alex,10,m
Alois,10,m
Amir,10,m
Antonio,10,m
Bastian,10,m
Hannes,10,m
Ilias,10,m
Jasper,10,m
Josef,10,m
Leonhard,10,m
Lionel,10,m
Mert,10,m
Mohamed,10,m
Niko,10,m
Ole,10,m
Sami,10,m
Thomas,10,m
Yasin,10,m
Alessio,9,m
Aron,9,m
Clemens,9,m
Diego,9,m
Henrik,9,m
Jannis,9,m
Manuel,9,m
Nael,9,m
Nikola,9,m
Otto,9,m
Philip,9,m
Vitus,9,m
Alexandros,8,m
Andrej,8,m
Arion,8,m
Charlie,8,m
Elyas,8,m
Enno,8,m
Eymen,8,m
Friedrich,8,m
Johan,8,m
Kaan,8,m
Karlo,8,m
Lennard,8,m
Magnus,8,m
Marco,8,m
Mark,8,m
Matheo,8,m
Mattia,8,m
Nikolas,8,m
Piet,8,m
Rio,8,m
Robert,8,m
Stefan,8,m
Teo,8,m
Teodor,8,m
William,8,m
Yusuf,8,m
Armin,7,m
Charles,7,m
Christian,7,m
Dario,7,m
Daris,7,m
Dimitrios,7,m
Elian,7,m
Emin,7,m
Ibrahim,7,m
Imran,7,m
Ioannis,7,m
Konrad,7,m
Leander,7,m
Lenny,7,m
Leonidas,7,m
Lino,7,m
Mohammad,7,m
Nepomuk,7,m
Pablo,7,m
Richard,7,m
Ruben,7,m
Santiago,7,m
Till,7,m
Umut,7,m
Vito,7,m
Alfred,6,m
Angelo,6,m
Bela,6,m
Elia,6,m
Enes,6,m
Eren,6,m
Frederick,6,m
Ismail,6,m
Jakub,6,m
John,6,m
Juri,6,m
Karim,6,m
Kenan,6,m
Lasse,6,m
Laurenz,6,m
Lias,6,m
Marvin,6,m
Matej,6,m
Matti,6,m
Maxime,6,m
Mohammed,6,m
Nick,6,m
Nikodem,6,m
Nikolaos,6,m
Noar,6,m
Patrick,6,m
Pepe,6,m
Petar,6,m
Robin,6,m
Said,6,m
Timo,6,m
Vinzent,6,m
Willi,6,m
Yannick,6,m
Yunus,6,m
Adem,5,m
Adriano,5,m
Álvaro,5,m
Arman,5,m
Ayaz,5,m
Christopher,5,m
Elio,5,m
Eman,5,m
Emirhan,5,m
Ensar,5,m
Giovanni,5,m
Gregor,5,m
Isa,5,m
James,5,m
Jaron,5,m
Joseph,5,m
Junis,5,m
Kai,5,m
Kerem,5,m
Konstantinos,5,m
Lennart,5,m
Luciano,5,m
Mario,5,m
Musa,5,m
Severin,5,m
Silas,5,m
Tarik,5,m
Thiago,5,m
Tiago,5,m
Vinzenz,5,m
Youssef,5,m
Yunis,5,m
Aiden,4 oder weniger,m
Ajan,4 oder weniger,m
Alan,4 oder weniger,m
Albert,4 oder weniger,m
Aleksander,4 oder weniger,m
Aleksej,4 oder weniger,m
Alessandro,4 oder weniger,m
Alp,4 oder weniger,m
Alvin,4 oder weniger,m
Alwin,4 oder weniger,m
Andreas,4 oder weniger,m
Antoni,4 oder weniger,m
Arne,4 oder weniger,m
Artur,4 oder weniger,m
Aurel,4 oder weniger,m
Ayaan,4 oder weniger,m
Bilal,4 oder weniger,m
Björn,4 oder weniger,m
Christos,4 oder weniger,m
Deniz,4 oder weniger,m
Dennis,4 oder weniger,m
Eduard,4 oder weniger,m
Efe,4 oder weniger,m
Frederic,4 oder weniger,m
Georgios,4 oder weniger,m
Hector,4 oder weniger,m
Ian,4 oder weniger,m
Ivan,4 oder weniger,m
Ivano,4 oder weniger,m
Janosch,4 oder weniger,m
Jon,4 oder weniger,m
Joschua,4 oder weniger,m
Josua,4 oder weniger,m
Karan,4 oder weniger,m
Kasimir,4 oder weniger,m
Kiyan,4 oder weniger,m
Kuzey,4 oder weniger,m
Lazar,4 oder weniger,m
Lean,4 oder weniger,m
Leano,4 oder weniger,m
Levente,4 oder weniger,m
Loris,4 oder weniger,m
Luitpold,4 oder weniger,m
Luke,4 oder weniger,m
Maksim,4 oder weniger,m
Marc,4 oder weniger,m
Marcel,4 oder weniger,m
Markus,4 oder weniger,m
Mathias,4 oder weniger,m
Matias,4 oder weniger,m
Mustafa,4 oder weniger,m
Nicolás,4 oder weniger,m
Nikita,4 oder weniger,m
Nino,4 oder weniger,m
Novak,4 oder weniger,m
Onur,4 oder weniger,m
Quentin,4 oder weniger,m
Raffael,4 oder weniger,m
Roman,4 oder weniger,m
Ryan,4 oder weniger,m
Talha,4 oder weniger,m
Tian,4 oder weniger,m
Titus,4 oder weniger,m
Tymon,4 oder weniger,m
Valentino,4 oder weniger,m
Yanis,4 oder weniger,m
Yousef,4 oder weniger,m
Zaid,4 oder weniger,m
Zain,4 oder weniger,m
Zakaria,4 oder weniger,m
Aaryan,4 oder weniger,m
Achilleas,4 oder weniger,m
Adel,4 oder weniger,m
Adian,4 oder weniger,m
Adin,4 oder weniger,m
Adnan,4 oder weniger,m
Aggelos,4 oder weniger,m
Ahmad,4 oder weniger,m
Ajdin,4 oder weniger,m
Aleksandar,4 oder weniger,m
Alem,4 oder weniger,m
Amos,4 oder weniger,m
Anas,4 oder weniger,m
Anastasios,4 oder weniger,m
Anes,4 oder weniger,m
Arden,4 oder weniger,m
Aren,4 oder weniger,m
Aris,4 oder weniger,m
Arvin,4 oder weniger,m
Asen,4 oder weniger,m
Bennett,4 oder weniger,m
Bernard,4 oder weniger,m
Bo,4 oder weniger,m
Borna,4 oder weniger,m
Brian,4 oder weniger,m
Burak,4 oder weniger,m
Carlos,4 oder weniger,m
Cornelius,4 oder weniger,m
Danilo,4 oder weniger,m
Dante,4 oder weniger,m
Darius,4 oder weniger,m
Davud,4 oder weniger,m
Dion,4 oder weniger,m
Dorian,4 oder weniger,m
Edgar,4 oder weniger,m
Edward,4 oder weniger,m
Emiliano,4 oder weniger,m
Emmanuel,4 oder weniger,m
Evangelos,4 oder weniger,m
Ezra,4 oder weniger,m
Fabio,4 oder weniger,m
Fiete,4 oder weniger,m
Francesco,4 oder weniger,m
Frank,4 oder weniger,m
Fynn,4 oder weniger,m
Gabriele,4 oder weniger,m
George,4 oder weniger,m
Göktug,4 oder weniger,m
Hanno,4 oder weniger,m
Harry,4 oder weniger,m
Harun,4 oder weniger,m
Hassan,4 oder weniger,m
Hussein,4 oder weniger,m
Ilay,4 oder weniger,m
Ilja,4 oder weniger,m
Isaac,4 oder weniger,m
Ishak,4 oder weniger,m
Jakov,4 oder weniger,m
Jannik,4 oder weniger,m
Jano,4 oder weniger,m
Jari,4 oder weniger,m
Jozo,4 oder weniger,m
Juan,4 oder weniger,m
Keyan,4 oder weniger,m
Laith,4 oder weniger,m
Lars,4 oder weniger,m
Leart,4 oder weniger,m
Leif,4 oder weniger,m
Lenni,4 oder weniger,m
Léon,4 oder weniger,m
Leonis,4 oder weniger,m
Levent,4 oder weniger,m
Levian,4 oder weniger,m
Liyan,4 oder weniger,m
Lorian,4 oder weniger,m
Lorik,4 oder weniger,m
Louie,4 oder weniger,m
Mads,4 oder weniger,m
Mael,4 oder weniger,m
Mahdi,4 oder weniger,m
Malte,4 oder weniger,m
Marcus,4 oder weniger,m
Marios,4 oder weniger,m
Marius,4 oder weniger,m
Marlo,4 oder weniger,m
Mathis,4 oder weniger,m
Mauro,4 oder weniger,m
Metin,4 oder weniger,m
Michail,4 oder weniger,m
Michele,4 oder weniger,m
Miguel,4 oder weniger,m
Mikail,4 oder weniger,m
Minh,4 oder weniger,m
Mio,4 oder weniger,m
Mirac,4 oder weniger,m
Muhammed,4 oder weniger,m
Nathanael,4 oder weniger,m
Nikolai,4 oder weniger,m
Nikolaj,4 oder weniger,m
Osman,4 oder weniger,m
Otis,4 oder weniger,m
Panagiotis,4 oder weniger,m
Patrik,4 oder weniger,m
Peter,4 oder weniger,m
Raffaele,4 oder weniger,m
Rayan,4 oder weniger,m
Raymond,4 oder weniger,m
Roko,4 oder weniger,m
Romeo,4 oder weniger,m
Rupert,4 oder weniger,m
Sam,4 oder weniger,m
Sanel,4 oder weniger,m
Selim,4 oder weniger,m
Sinan,4 oder weniger,m
Stephan,4 oder weniger,m
Tassilo,4 oder weniger,m
Tayo,4 oder weniger,m
Theodore,4 oder weniger,m
Thilo,4 oder weniger,m
Tino,4 oder weniger,m
Valerian,4 oder weniger,m
Veit,4 oder weniger,m
Vladimir,4 oder weniger,m
Wiktor,4 oder weniger,m
Wilhelm,4 oder weniger,m
Yassin,4 oder weniger,m
Younes,4 oder weniger,m
Zeno,4 oder weniger,m
Abdullah,4 oder weniger,m
Abel,4 oder weniger,m
Ace,4 oder weniger,m
Adil,4 oder weniger,m
Adrián,4 oder weniger,m
Adriel,4 oder weniger,m
Ahmet,4 oder weniger,m
Alejandro,4 oder weniger,m
Alexandre,4 oder weniger,m
Alexandru,4 oder weniger,m
Alpay,4 oder weniger,m
Amandus,4 oder weniger,m
Amin,4 oder weniger,m
Andrew,4 oder weniger,m
Andria,4 oder weniger,m
Anian,4 oder weniger,m
Anik,4 oder weniger,m
Anis,4 oder weniger,m
Anthony,4 oder weniger,m
Antonius,4 oder weniger,m
Anuar,4 oder weniger,m
Arda,4 oder weniger,m
Arsalan,4 oder weniger,m
Arslan,4 oder weniger,m
Artin,4 oder weniger,m
Arwin,4 oder weniger,m
Attila,4 oder weniger,m
Aurelian,4 oder weniger,m
Aurelio,4 oder weniger,m
Avi,4 oder weniger,m
Ayan,4 oder weniger,m
Aybars,4 oder weniger,m
Ayden,4 oder weniger,m
Aylan,4 oder weniger,m
Ayman,4 oder weniger,m
Ayoub,4 oder weniger,m
Baran,4 oder weniger,m
Bartol,4 oder weniger,m
Bene,4 oder weniger,m
Benett,4 oder weniger,m
Benicio,4 oder weniger,m
Bennet,4 oder weniger,m
Bodhi,4 oder weniger,m
Bogdan,4 oder weniger,m
Bosse,4 oder weniger,m
Caleb,4 oder weniger,m
Carlson,4 oder weniger,m
Cedric,4 oder weniger,m
Charalampos,4 oder weniger,m
Chris,4 oder weniger,m
Christoph,4 oder weniger,m
Conrad,4 oder weniger,m
Cooper,4 oder weniger,m
Cosmo,4 oder weniger,m
Cristian,4 oder weniger,m
Damir,4 oder weniger,m
Dani,4 oder weniger,m
Danijel,4 oder weniger,m
Daryan,4 oder weniger,m
Davin,4 oder weniger,m
Dhruva,4 oder weniger,m
Dominic,4 oder weniger,m
Donat,4 oder weniger,m
Donato,4 oder weniger,m
Donatus,4 oder weniger,m
Dragan,4 oder weniger,m
Duy,4 oder weniger,m
Eddie,4 oder weniger,m
Edmund,4 oder weniger,m
Eduardo,4 oder weniger,m
Ege,4 oder weniger,m
Ekin,4 oder weniger,m
Eldar,4 oder weniger,m
Eleftherios,4 oder weniger,m
Eli,4 oder weniger,m
Eliano,4 oder weniger,m
Elijah,4 oder weniger,m
Elliot,4 oder weniger,m
Elon,4 oder weniger,m
Elvis,4 oder weniger,m
Emre,4 oder weniger,m
Enea,4 oder weniger,m
Eray,4 oder weniger,m
Erick,4 oder weniger,m
Ethan,4 oder weniger,m
Ezan,4 oder weniger,m
Fabrizio,4 oder weniger,m
Falk,4 oder weniger,m
Felipe,4 oder weniger,m
Fidelius,4 oder weniger,m
Filippos,4 oder weniger,m
Finjas,4 oder weniger,m
Florentin,4 oder weniger,m
Francis,4 oder weniger,m
Franciszek,4 oder weniger,m
Fred,4 oder weniger,m
Freddie,4 oder weniger,m
Fridolin,4 oder weniger,m
Giano,4 oder weniger,m
Giuliano,4 oder weniger,m
Giuseppe,4 oder weniger,m
Güney,4 oder weniger,m
Halid,4 oder weniger,m
Hardy,4 oder weniger,m
Hektor,4 oder weniger,m
Henryk,4 oder weniger,m
Ianis,4 oder weniger,m
Ignacy,4 oder weniger,m
Igor,4 oder weniger,m
Ilai,4 oder weniger,m
Ilhan,4 oder weniger,m
Ilya,4 oder weniger,m
Iraklis,4 oder weniger,m
Issa,4 oder weniger,m
Ivo,4 oder weniger,m
Jackie,4 oder weniger,m
Jaden,4 oder weniger,m
Jahja,4 oder weniger,m
Jaime,4 oder weniger,m
Jamal,4 oder weniger,m
Jamil,4 oder weniger,m
Janne,4 oder weniger,m
Jaro,4 oder weniger,m
Jason,4 oder weniger,m
Jayden,4 oder weniger,m
Jesse,4 oder weniger,m
Joe,4 oder weniger,m
Joël,4 oder weniger,m
Jonte,4 oder weniger,m
Joris,4 oder weniger,m
Joscha,4 oder weniger,m
Jovan,4 oder weniger,m
Julen,4 oder weniger,m
Julio,4 oder weniger,m
Jusuf,4 oder weniger,m
Kalle,4 oder weniger,m
Karam,4 oder weniger,m
Kasper,4 oder weniger,m
Keanu,4 oder weniger,m
Keno,4 oder weniger,m
Kerim,4 oder weniger,m
Kevin,4 oder weniger,m
Kinan,4 oder weniger,m
Klevis,4 oder weniger,m
Kosmo,4 oder weniger,m
Kristóf,4 oder weniger,m
Laurent,4 oder weniger,m
Lenn,4 oder weniger,m
Leonid,4 oder weniger,m
Leonik,4 oder weniger,m
Levy,4 oder weniger,m
Lois,4 oder weniger,m
Lorenzo,4 oder weniger,m
Louka,4 oder weniger,m
Ludvig,4 oder weniger,m
Luk,4 oder weniger,m
Lunis,4 oder weniger,m
Mahir,4 oder weniger,m
Maid,4 oder weniger,m
Mak,4 oder weniger,m
Makar,4 oder weniger,m
Maksymilian,4 oder weniger,m
Manos,4 oder weniger,m
Marian,4 oder weniger,m
Marin,4 oder weniger,m
Maris,4 oder weniger,m
Marwan,4 oder weniger,m
Matija,4 oder weniger,m
Matin,4 oder weniger,m
Mattéo,4 oder weniger,m
Matthew,4 oder weniger,m
Mattias,4 oder weniger,m
Maxence,4 oder weniger,m
Maximos,4 oder weniger,m
Mazen,4 oder weniger,m
Merlin,4 oder weniger,m
Metehan,4 oder weniger,m
Michel,4 oder weniger,m
Mihael,4 oder weniger,m
Mihajlo,4 oder weniger,m
Miko,4 oder weniger,m
Milad,4 oder weniger,m
Milas,4 oder weniger,m
Miro,4 oder weniger,m
Mirza,4 oder weniger,m
Muhammad,4 oder weniger,m
Mumin,4 oder weniger,m
Murtaza,4 oder weniger,m
Musab,4 oder weniger,m
Nail,4 oder weniger,m
Natanael,4 oder weniger,m
Navid,4 oder weniger,m
Nayel,4 oder weniger,m
Nicholas,4 oder weniger,m
Nicolai,4 oder weniger,m
Nik,4 oder weniger,m
Nikias,4 oder weniger,m
Nikolaus,4 oder weniger,m
Nil,4 oder weniger,m
Nolan,4 oder weniger,m
Noyan,4 oder weniger,m
Olti,4 oder weniger,m
Ömer,4 oder weniger,m
Owen,4 oder weniger,m
Pavlos,4 oder weniger,m
Pedro,4 oder weniger,m
Petros,4 oder weniger,m
Phil,4 oder weniger,m
Philippos,4 oder weniger,m
Pierre,4 oder weniger,m
Piotr,4 oder weniger,m
Prince,4 oder weniger,m
Remo,4 oder weniger,m
Riad,4 oder weniger,m
Riel,4 oder weniger,m
Sabit,4 oder weniger,m
Sahil,4 oder weniger,m
Samarth,4 oder weniger,m
Samu,4 oder weniger,m
Sanad,4 oder weniger,m
Santino,4 oder weniger,m
Shahan,4 oder weniger,m
Simeon,4 oder weniger,m
Sobhan,4 oder weniger,m
Sultan,4 oder weniger,m
Tadej,4 oder weniger,m
Taylan,4 oder weniger,m
Tayler,4 oder weniger,m
Teoman,4 oder weniger,m
Theodoros,4 oder weniger,m
Theophilus,4 oder weniger,m
Thore,4 oder weniger,m
Tillmann,4 oder weniger,m
Timur,4 oder weniger,m
Triumf,4 oder weniger,m
Troi,4 oder weniger,m
Umar,4 oder weniger,m
Unik,4 oder weniger,m
Vanja,4 oder weniger,m
Viggo,4 oder weniger,m
Vince,4 oder weniger,m
Willem,4 oder weniger,m
Wim,4 oder weniger,m
Yakup,4 oder weniger,m
Yaman,4 oder weniger,m
Yassir,4 oder weniger,m
Yilmaz,4 oder weniger,m
Yves,4 oder weniger,m
Zayn,4 oder weniger,m
Zeyd,4 oder weniger,m
Ștefan,4 oder weniger,m
Aadarsh,4 oder weniger,m
Aadhan,4 oder weniger,m
Aarav,4 oder weniger,m
Aarish,4 oder weniger,m
Aaro,4 oder weniger,m
Aarush,4 oder weniger,m
Aathvik,4 oder weniger,m
Aavik,4 oder weniger,m
Abd,4 oder weniger,m
Abdallah,4 oder weniger,m
Abdel,4 oder weniger,m
Abdelraouf,4 oder weniger,m
Abdirahman,4 oder weniger,m
Abdisatar,4 oder weniger,m
Abdoulah,4 oder weniger,m
Abdul,4 oder weniger,m
Abdul-Jabbar,4 oder weniger,m
Abdulahi,4 oder weniger,m
Abdulhalim,4 oder weniger,m
Abdülhamid-Hamza,4 oder weniger,m
Abduljabbar,4 oder weniger,m
Abdulrahman,4 oder weniger,m
Abdurrahman,4 oder weniger,m
Abdussamed,4 oder weniger,m
Ábel,4 oder weniger,m
Abid,4 oder weniger,m
Achileas,4 oder weniger,m
Achyuth,4 oder weniger,m
Adama,4 oder weniger,m
Adan,4 oder weniger,m
Ademade,4 oder weniger,m
Adham,4 oder weniger,m
Adhyan,4 oder weniger,m
Adi,4 oder weniger,m
Adonis,4 oder weniger,m
Adrien,4 oder weniger,m
Adris,4 oder weniger,m
Advay,4 oder weniger,m
Adwait,4 oder weniger,m
Aedan,4 oder weniger,m
Aeden,4 oder weniger,m
Afan,4 oder weniger,m
Afron,4 oder weniger,m
Agan,4 oder weniger,m
Agit-Süleyman,4 oder weniger,m
Agrin,4 oder weniger,m
Ahamed,4 oder weniger,m
Ahat,4 oder weniger,m
Aidan,4 oder weniger,m
Aidel,4 oder weniger,m
Aiert,4 oder weniger,m
Aiham,4 oder weniger,m
Aiman,4 oder weniger,m
Aimilios,4 oder weniger,m
Aimo,4 oder weniger,m
Aitor,4 oder weniger,m
Ajlan,4 oder weniger,m
Ajman,4 oder weniger,m
Akay,4 oder weniger,m
Akins,4 oder weniger,m
Akram,4 oder weniger,m
Aland,4 oder weniger,m
Alay,4 oder weniger,m
Alaz,4 oder weniger,m
Alberto,4 oder weniger,m
Aldin,4 oder weniger,m
Aldion,4 oder weniger,m
Aldrin,4 oder weniger,m
Alek,4 oder weniger,m
Alemin,4 oder weniger,m
Alen,4 oder weniger,m
Alend,4 oder weniger,m
Alesio-Florin,4 oder weniger,m
Alexandru-Daniel,4 oder weniger,m
Alfonso,4 oder weniger,m
Ali-Kemal,4 oder weniger,m
Aliaslan,4 oder weniger,m
Alican,4 oder weniger,m
Alija,4 oder weniger,m
Alin,4 oder weniger,m
Alireza,4 oder weniger,m
Allan,4 oder weniger,m
Allegria,4 oder weniger,m
Almin,4 oder weniger,m
Alonso,4 oder weniger,m
Aloys,4 oder weniger,m
Alparslan,4 oder weniger,m
Alper,4 oder weniger,m
Alperen,4 oder weniger,m
Alpha,4 oder weniger,m
Alptug,4 oder weniger,m
Alsean,4 oder weniger,m
Alseny,4 oder weniger,m
Altaï,4 oder weniger,m
Altay,4 oder weniger,m
Altin,4 oder weniger,m
Alvar,4 oder weniger,m
Amad,4 oder weniger,m
Amadeus,4 oder weniger,m
Aman,4 oder weniger,m
Amani,4 oder weniger,m
Amartya,4 oder weniger,m
Amaru,4 oder weniger,m
Amed,4 oder weniger,m
Amedeo,4 oder weniger,m
Amer,4 oder weniger,m
Amets,4 oder weniger,m
Amiir,4 oder weniger,m
Amilios,4 oder weniger,m
Aminadab,4 oder weniger,m
Amirabbas,4 oder weniger,m
Amit,4 oder weniger,m
Amjad,4 oder weniger,m
Ammar,4 oder weniger,m
Ammer,4 oder weniger,m
Amon,4 oder weniger,m
Amr,4 oder weniger,m
Amrah,4 oder weniger,m
Anatol,4 oder weniger,m
Anatole,4 oder weniger,m
Andre,4 oder weniger,m
André,4 oder weniger,m
Andrea,4 oder weniger,m
Andrii,4 oder weniger,m
Andris,4 oder weniger,m
Angel,4 oder weniger,m
Angelito,4 oder weniger,m
Anil,4 oder weniger,m
Ansar,4 oder weniger,m
Anselm,4 oder weniger,m
Ansgar,4 oder weniger,m
Ante,4 oder weniger,m
Antonín,4 oder weniger,m
Anur,4 oder weniger,m
Anuraag,4 oder weniger,m
Apollo,4 oder weniger,m
Ara,4 oder weniger,m
Aram,4 oder weniger,m
Aran,4 oder weniger,m
Ardan,4 oder weniger,m
Aref,4 oder weniger,m
Arel,4 oder weniger,m
Ares,4 oder weniger,m
Arez,4 oder weniger,m
Ari,4 oder weniger,m
Arie,4 oder weniger,m
Arigon,4 oder weniger,m
Arijan,4 oder weniger,m
Arijit,4 oder weniger,m
Ario,4 oder weniger,m
Arius,4 oder weniger,m
Arjun,4 oder weniger,m
Arkan,4 oder weniger,m
Armagan,4 oder weniger,m
Armand,4 oder weniger,m
Armando,4 oder weniger,m
Armin-Selim,4 oder weniger,m
Arno,4 oder weniger,m
Arnold,4 oder weniger,m
Arsen,4 oder weniger,m
Art,4 oder weniger,m
Artem,4 oder weniger,m
Arti,4 oder weniger,m
Artian,4 oder weniger,m
Arto,4 oder weniger,m
Arton,4 oder weniger,m
Arturo,4 oder weniger,m
Arun,4 oder weniger,m
Arvand,4 oder weniger,m
Asaad,4 oder weniger,m
Asadullah,4 oder weniger,m
Asahi,4 oder weniger,m
Asaph,4 oder weniger,m
Asger,4 oder weniger,m
Asher,4 oder weniger,m
Askold,4 oder weniger,m
Asser,4 oder weniger,m
Atakan,4 oder weniger,m
Atanas,4 oder weniger,m
Athanasios,4 oder weniger,m
Atharv,4 oder weniger,m
Athiyan,4 oder weniger,m
Augustin,4 oder weniger,m
Aulon,4 oder weniger,m
Aureleo,4 oder weniger,m
Aureliano,4 oder weniger,m
Aurelius,4 oder weniger,m
Auron,4 oder weniger,m
Austin,4 oder weniger,m
Avant,4 oder weniger,m
Aveer,4 oder weniger,m
Avel,4 oder weniger,m
Avitaj,4 oder weniger,m
Avyaan,4 oder weniger,m
Avyagrah,4 oder weniger,m
Avyan,4 oder weniger,m
Awni,4 oder weniger,m
Axel,4 oder weniger,m
Ayaansh,4 oder weniger,m
Ayato,4 oder weniger,m
Aydin,4 oder weniger,m
Aygün,4 oder weniger,m
Ayibamiente,4 oder weniger,m
Aymeric,4 oder weniger,m
Ayomide,4 oder weniger,m
Ayomide-Eugene,4 oder weniger,m
Azan,4 oder weniger,m
Azore,4 oder weniger,m
Azzam,4 oder weniger,m
B<U+1EA3>o,4 oder weniger,m
Bader,4 oder weniger,m
Baha,4 oder weniger,m
Bahir,4 oder weniger,m
Balnoor,4 oder weniger,m
Balša,4 oder weniger,m
Balthasar,4 oder weniger,m
Bander,4 oder weniger,m
Banush,4 oder weniger,m
Bardh,4 oder weniger,m
Bardia,4 oder weniger,m
Barin,4 oder weniger,m
Baris,4 oder weniger,m
Bartu,4 oder weniger,m
Baruch,4 oder weniger,m
Bassirou,4 oder weniger,m
Bastián,4 oder weniger,m
Batu,4 oder weniger,m
Bedir,4 oder weniger,m
Beg,4 oder weniger,m
Béla,4 oder weniger,m
Bele,4 oder weniger,m
Beleno,4 oder weniger,m
Benedict,4 oder weniger,m
Benjámin,4 oder weniger,m
Benji,4 oder weniger,m
Benoît,4 oder weniger,m
Benyamin,4 oder weniger,m
Beppo,4 oder weniger,m
Berat,4 oder weniger,m
Berk,4 oder weniger,m
Berkant,4 oder weniger,m
Berkay,4 oder weniger,m
Bernardo,4 oder weniger,m
Bernhard,4 oder weniger,m
Bhadrika,4 oder weniger,m
Billy,4 oder weniger,m
Bjarne,4 oder weniger,m
Blagoy,4 oder weniger,m
Boas,4 oder weniger,m
Bobby-Adriano,4 oder weniger,m
Bojan,4 oder weniger,m
Boldizsár,4 oder weniger,m
Bootan,4 oder weniger,m
Botan,4 oder weniger,m
Boxuan,4 oder weniger,m
Boyan,4 oder weniger,m
Brane,4 oder weniger,m
Branimir,4 oder weniger,m
Brayden,4 oder weniger,m
Bryan,4 oder weniger,m
Bryson,4 oder weniger,m
Butrint,4 oder weniger,m
Caio,4 oder weniger,m
Caius,4 oder weniger,m
Calin,4 oder weniger,m
Calogero,4 oder weniger,m
Camille,4 oder weniger,m
Carl-Luis,4 oder weniger,m
Casimir,4 oder weniger,m
Caspar-Valentin,4 oder weniger,m
Cassian,4 oder weniger,m
Cassius,4 oder weniger,m
Cavid,4 oder weniger,m
Cebrail,4 oder weniger,m
Cédric,4 oder weniger,m
Cedrick,4 oder weniger,m
Cemil,4 oder weniger,m
Cengiz,4 oder weniger,m
Charly,4 oder weniger,m
Chidera,4 oder weniger,m
Chiya,4 oder weniger,m
Christiyan,4 oder weniger,m
Christoforos,4 oder weniger,m
Chu,4 oder weniger,m
Chuhe,4 oder weniger,m
Claudio,4 oder weniger,m
Cletus,4 oder weniger,m
Cody,4 oder weniger,m
Collin,4 oder weniger,m
Constantin-Bogdan,4 oder weniger,m
Cuthbert,4 oder weniger,m
Ð<U+1EB7>ng,4 oder weniger,m
Daan,4 oder weniger,m
Dahen,4 oder weniger,m
Daksh,4 oder weniger,m
Dalian,4 oder weniger,m
Damhat,4 oder weniger,m
Damian-Tudor,4 oder weniger,m
Damjan,4 oder weniger,m
Daner,4 oder weniger,m
Danial,4 oder weniger,m
Danijal,4 oder weniger,m
Dany,4 oder weniger,m
Danyal,4 oder weniger,m
Darian,4 oder weniger,m
Darijan,4 oder weniger,m
Darijo,4 oder weniger,m
Darío,4 oder weniger,m
Dariush,4 oder weniger,m
Darko,4 oder weniger,m
Darvin,4 oder weniger,m
Darwin,4 oder weniger,m
Daven,4 oder weniger,m
Daví,4 oder weniger,m
Davian,4 oder weniger,m
Dávid,4 oder weniger,m
Davis,4 oder weniger,m
Davit,4 oder weniger,m
Davor,4 oder weniger,m
Dawid,4 oder weniger,m
Dawoud,4 oder weniger,m
Dean,4 oder weniger,m
Dejan,4 oder weniger,m
Delano,4 oder weniger,m
Deldan,4 oder weniger,m
Delvan,4 oder weniger,m
Demian,4 oder weniger,m
Demiralp,4 oder weniger,m
Demirhan,4 oder weniger,m
Denis,4 oder weniger,m
Deon,4 oder weniger,m
Desmond,4 oder weniger,m
Despot,4 oder weniger,m
Destiny,4 oder weniger,m
Dev,4 oder weniger,m
Devin,4 oder weniger,m
Devrim,4 oder weniger,m
Diam,4 oder weniger,m
Diamant,4 oder weniger,m
Dian,4 oder weniger,m
Diar,4 oder weniger,m
Didar,4 oder weniger,m
Diego-Emiliano,4 oder weniger,m
Diin,4 oder weniger,m
Dijar,4 oder weniger,m
Dijart,4 oder weniger,m
Dilhad,4 oder weniger,m
Dillon,4 oder weniger,m
Dilon,4 oder weniger,m
Dimitris,4 oder weniger,m
Dimo,4 oder weniger,m
Din,4 oder weniger,m
Dino,4 oder weniger,m
Divine,4 oder weniger,m
Divyansh,4 oder weniger,m
Djamal,4 oder weniger,m
Djef,4 oder weniger,m
Dlem,4 oder weniger,m
Dlhat,4 oder weniger,m
Dlwan,4 oder weniger,m
Doar,4 oder weniger,m
Doc,4 oder weniger,m
Domenico,4 oder weniger,m
Domonkos,4 oder weniger,m
Don,4 oder weniger,m
Ðorde,4 oder weniger,m
Dorjet,4 oder weniger,m
Doron,4 oder weniger,m
Doruk,4 oder weniger,m
Drago,4 oder weniger,m
Drini,4 oder weniger,m
Dritan,4 oder weniger,m
Duarte,4 oder weniger,m
Dusan,4 oder weniger,m
Dusko,4 oder weniger,m
Dylan,4 oder weniger,m
Džan,4 oder weniger,m
Džanan,4 oder weniger,m
Eberechukwu,4 oder weniger,m
Ebip,4 oder weniger,m
Ebrahim,4 oder weniger,m
Ebu,4 oder weniger,m
Ebube,4 oder weniger,m
Ebuka,4 oder weniger,m
Edan,4 oder weniger,m
Eddy,4 oder weniger,m
Edin,4 oder weniger,m
Edis,4 oder weniger,m
Ediz,4 oder weniger,m
Edouard,4 oder weniger,m
Edriis,4 oder weniger,m
Edwin,4 oder weniger,m
Efken,4 oder weniger,m
Efrain,4 oder weniger,m
Efrem,4 oder weniger,m
Efstathios,4 oder weniger,m
Eghosasere,4 oder weniger,m
Egon,4 oder weniger,m
Eiji,4 oder weniger,m
Eitan,4 oder weniger,m
Ejup,4 oder weniger,m
Ekue,4 oder weniger,m
El-Emin,4 oder weniger,m
Eldian,4 oder weniger,m
Elham,4 oder weniger,m
Eliah,4 oder weniger,m
Eliaz,4 oder weniger,m
Elija,4 oder weniger,m
Elijas,4 oder weniger,m
Elion,4 oder weniger,m
Elios,4 oder weniger,m
Eliot,4 oder weniger,m
Elisei,4 oder weniger,m
Elisha,4 oder weniger,m
Elouan,4 oder weniger,m
Elroi,4 oder weniger,m
Elvin,4 oder weniger,m
Elyaz,4 oder weniger,m
Emad,4 oder weniger,m
Emanuil,4 oder weniger,m
Emeri,4 oder weniger,m
Emeric,4 oder weniger,m
Emery,4 oder weniger,m
Émil,4 oder weniger,m
Emile,4 oder weniger,m
Emilijan,4 oder weniger,m
Emilijo,4 oder weniger,m
Emilion,4 oder weniger,m
Emilios,4 oder weniger,m
Emilis,4 oder weniger,m
Emircan,4 oder weniger,m
Emmanouil,4 oder weniger,m
Emmeran,4 oder weniger,m
Emmett,4 oder weniger,m
Emrah,4 oder weniger,m
Emran,4 oder weniger,m
En,4 oder weniger,m
Enaël-David,4 oder weniger,m
Ender,4 oder weniger,m
Endrit,4 oder weniger,m
Ene,4 oder weniger,m
Eneo,4 oder weniger,m
Enes-David,4 oder weniger,m
Enesmos,4 oder weniger,m
Engjell,4 oder weniger,m
Engjëll,4 oder weniger,m
Eniayomide,4 oder weniger,m
Ennio,4 oder weniger,m
Enrico,4 oder weniger,m
Enrique,4 oder weniger,m
Erdem,4 oder weniger,m
Erfan,4 oder weniger,m
Éric,4 oder weniger,m
Erin,4 oder weniger,m
Erion,4 oder weniger,m
Ermin,4 oder weniger,m
Eromhosele,4 oder weniger,m
Eron,4 oder weniger,m
Erturul,4 oder weniger,m
Esra,4 oder weniger,m
Essa,4 oder weniger,m
Esteban,4 oder weniger,m
Etnik,4 oder weniger,m
Euan,4 oder weniger,m
Eugen,4 oder weniger,m
Evan,4 oder weniger,m
Evanan,4 oder weniger,m
Excellent,4 oder weniger,m
Eyman,4 oder weniger,m
Eyüb,4 oder weniger,m
Eyüp,4 oder weniger,m
Eyyub,4 oder weniger,m
Ezekiel,4 oder weniger,m
Faateh,4 oder weniger,m
Fabius,4 oder weniger,m
Fadel,4 oder weniger,m
Fahad,4 oder weniger,m
Fahd,4 oder weniger,m
Faiz,4 oder weniger,m
Falco,4 oder weniger,m
Farah,4 oder weniger,m
Farbod,4 oder weniger,m
Faruk,4 oder weniger,m
Fatih,4 oder weniger,m
Fayed,4 oder weniger,m
Federico,4 oder weniger,m
Felias,4 oder weniger,m
Félicien,4 oder weniger,m
Femi,4 oder weniger,m
Fennimor,4 oder weniger,m
Ferhat,4 oder weniger,m
Ferid,4 oder weniger,m
Fernando,4 oder weniger,m
Ferris,4 oder weniger,m
Ferup,4 oder weniger,m
Fidel,4 oder weniger,m
Filippo,4 oder weniger,m
Filo,4 oder weniger,m
Fin,4 oder weniger,m
Finian,4 oder weniger,m
Finlee,4 oder weniger,m
Fionn,4 oder weniger,m
Firat,4 oder weniger,m
Fjell,4 oder weniger,m
Fjodor,4 oder weniger,m
Flavio,4 oder weniger,m
Flavius-<U+0218>tefan,4 oder weniger,m
Florin,4 oder weniger,m
Flynn,4 oder weniger,m
Fode,4 oder weniger,m
Fotios,4 oder weniger,m
Fotis,4 oder weniger,m
Franz-Xaver,4 oder weniger,m
Franzis,4 oder weniger,m
Frido,4 oder weniger,m
Frieder,4 oder weniger,m
Furkan,4 oder weniger,m
Furqan,4 oder weniger,m
Gabrijel,4 oder weniger,m
Gaius,4 oder weniger,m
Gavin,4 oder weniger,m
Gavrilo,4 oder weniger,m
Genaro,4 oder weniger,m
Gent,4 oder weniger,m
Georgi,4 oder weniger,m
Gerald,4 oder weniger,m
Geriel,4 oder weniger,m
Gero,4 oder weniger,m
Gia,4 oder weniger,m
Gideon,4 oder weniger,m
Gil,4 oder weniger,m
Gillie,4 oder weniger,m
Gioele,4 oder weniger,m
Giosué,4 oder weniger,m
Giulio,4 oder weniger,m
Glauk,4 oder weniger,m
Gleb,4 oder weniger,m
Godfrey,4 oder weniger,m
Godstime,4 oder weniger,m
Godwin,4 oder weniger,m
Gökalp,4 oder weniger,m
Gökay,4 oder weniger,m
Gökhan,4 oder weniger,m
Gonzalo,4 oder weniger,m
Granit,4 oder weniger,m
Greyson,4 oder weniger,m
Grigorios,4 oder weniger,m
Gruffydd,4 oder weniger,m
Guhan,4 oder weniger,m
Guilherme,4 oder weniger,m
Guldon,4 oder weniger,m
Gungawin,4 oder weniger,m
Gurfateh,4 oder weniger,m
Gurmeher,4 oder weniger,m
Gurtaj,4 oder weniger,m
Gustavo,4 oder weniger,m
Gustaw,4 oder weniger,m
Hadid,4 oder weniger,m
Hadrian,4 oder weniger,m
Hafthor,4 oder weniger,m
Haj,4 oder weniger,m
Hajo,4 oder weniger,m
Hakan,4 oder weniger,m
Hakki,4 oder weniger,m
Hamed,4 oder weniger,m
Hamilton,4 oder weniger,m
Hamze,4 oder weniger,m
Han,4 oder weniger,m
Hanan,4 oder weniger,m
Hannes-Ludwig,4 oder weniger,m
Hanniel,4 oder weniger,m
Hans,4 oder weniger,m
Hanzallah,4 oder weniger,m
Harier,4 oder weniger,m
Harikesh,4 oder weniger,m
Haris,4 oder weniger,m
Haruki,4 oder weniger,m
Harvey,4 oder weniger,m
Hasan,4 oder weniger,m
Hasnain,4 oder weniger,m
Haval,4 oder weniger,m
Hawon,4 oder weniger,m
Haytam,4 oder weniger,m
Héctor,4 oder weniger,m
Hedi,4 oder weniger,m
Hejran,4 oder weniger,m
Helge,4 oder weniger,m
Hendrick,4 oder weniger,m
Hendrik,4 oder weniger,m
Henning,4 oder weniger,m
Henrique,4 oder weniger,m
Hijran,4 oder weniger,m
Hiroto,4 oder weniger,m
Hizouddin,4 oder weniger,m
Hoang,4 oder weniger,m
Honoré,4 oder weniger,m
Huazhen,4 oder weniger,m
Hudeifa,4 oder weniger,m
Huxley,4 oder weniger,m
Huzaifa,4 oder weniger,m
Iago,4 oder weniger,m
Iason,4 oder weniger,m
Idhant,4 oder weniger,m
Idis,4 oder weniger,m
Idris,4 oder weniger,m
Idriss,4 oder weniger,m
Ikeoba,4 oder weniger,m
Ilan,4 oder weniger,m
Ilian,4 oder weniger,m
Iliano,4 oder weniger,m
Ilija,4 oder weniger,m
Iliyas,4 oder weniger,m
Iloniaina,4 oder weniger,m
Ilyas,4 oder weniger,m
Ilyas-Lazar,4 oder weniger,m
Imani,4 oder weniger,m
Imar,4 oder weniger,m
Immanuel,4 oder weniger,m
Impraim,4 oder weniger,m
Ioan,4 oder weniger,m
Ioanes,4 oder weniger,m
Ion,4 oder weniger,m
Iordanis,4 oder weniger,m
Iori,4 oder weniger,m
Irenäus,4 oder weniger,m
Irman,4 oder weniger,m
Iroh,4 oder weniger,m
Isaak,4 oder weniger,m
Isabel,4 oder weniger,m
Isaia,4 oder weniger,m
Isata,4 oder weniger,m
Ishan,4 oder weniger,m
Ishwan,4 oder weniger,m
Isidoros,4 oder weniger,m
Ismael,4 oder weniger,m
Iustin,4 oder weniger,m
Ivar,4 oder weniger,m
Iyaan,4 oder weniger,m
Izet,4 oder weniger,m
Izuchukwu,4 oder weniger,m
Jack,4 oder weniger,m
Jackson,4 oder weniger,m
Jacobi,4 oder weniger,m
Jade,4 oder weniger,m
Jadon,4 oder weniger,m
Jadran,4 oder weniger,m
Jago,4 oder weniger,m
Jahwell,4 oder weniger,m
Jamie,4 oder weniger,m
Jamilo,4 oder weniger,m
Janis,4 oder weniger,m
Jannat,4 oder weniger,m
Jannek,4 oder weniger,m
Jannic,4 oder weniger,m
Janos,4 oder weniger,m
János,4 oder weniger,m
Jarik,4 oder weniger,m
Jaroslaw,4 oder weniger,m
Jasin,4 oder weniger,m
Jaspar,4 oder weniger,m
Jaydan,4 oder weniger,m
Jeremi,4 oder weniger,m
Jeremy,4 oder weniger,m
Jérome,4 oder weniger,m
Jivara,4 oder weniger,m
Jo,4 oder weniger,m
Joah,4 oder weniger,m
João,4 oder weniger,m
Joaquim,4 oder weniger,m
Joep,4 oder weniger,m
Johann-Nepomuk,4 oder weniger,m
Jonart,4 oder weniger,m
Jonatan,4 oder weniger,m
Jones,4 oder weniger,m
Jonny,4 oder weniger,m
Jordan,4 oder weniger,m
Jorni,4 oder weniger,m
José,4 oder weniger,m
Josh,4 oder weniger,m
Joshi,4 oder weniger,m
Joshua-Jamie,4 oder weniger,m
Josia,4 oder weniger,m
Josip,4 oder weniger,m
Jugien,4 oder weniger,m
Jul,4 oder weniger,m
Jules,4 oder weniger,m
Julijan,4 oder weniger,m
Juls,4 oder weniger,m
Juris,4 oder weniger,m
Kacper,4 oder weniger,m
Kadir,4 oder weniger,m
Kai-Hsin,4 oder weniger,m
Kajetan,4 oder weniger,m
Kaleo,4 oder weniger,m
Kaml,4 oder weniger,m
Kamron,4 oder weniger,m
Karas,4 oder weniger,m
Kareem,4 oder weniger,m
Karel,4 oder weniger,m
Karlos,4 oder weniger,m
Karman,4 oder weniger,m
Karo,4 oder weniger,m
Karsaz,4 oder weniger,m
Kartal,4 oder weniger,m
Kaspar,4 oder weniger,m
Kaya,4 oder weniger,m
Kayilan,4 oder weniger,m
Kayra,4 oder weniger,m
Keano,4 oder weniger,m
Keeke,4 oder weniger,m
Kees,4 oder weniger,m
Kefko,4 oder weniger,m
Kelechi,4 oder weniger,m
Kenjin,4 oder weniger,m
Keon,4 oder weniger,m
Khalid,4 oder weniger,m
Khalil,4 oder weniger,m
Khoi,4 oder weniger,m
Kiaan,4 oder weniger,m
Kiano,4 oder weniger,m
Kieran,4 oder weniger,m
Kinaan,4 oder weniger,m
King,4 oder weniger,m
Kiramatali,4 oder weniger,m
Kiriakos,4 oder weniger,m
Kizito,4 oder weniger,m
Kleon,4 oder weniger,m
Koa,4 oder weniger,m
Kohga,4 oder weniger,m
Kolja,4 oder weniger,m
Koray,4 oder weniger,m
Kossi,4 oder weniger,m
Kosta,4 oder weniger,m
Kostian,4 oder weniger,m
Kostja,4 oder weniger,m
Krishav,4 oder weniger,m
Kristian,4 oder weniger,m
Kristijan-Mateo,4 oder weniger,m
Kristof,4 oder weniger,m
Kroi,4 oder weniger,m
Ksawery,4 oder weniger,m
Kuber,4 oder weniger,m
Kuno,4 oder weniger,m
Kurt,4 oder weniger,m
Kyan,4 oder weniger,m
Kylan,4 oder weniger,m
Kylian,4 oder weniger,m
Lando,4 oder weniger,m
Larion,4 oder weniger,m
Latif,4 oder weniger,m
Lativ,4 oder weniger,m
Laum,4 oder weniger,m
Laurens,4 oder weniger,m
Lauri,4 oder weniger,m
Lauris,4 oder weniger,m
Lavand,4 oder weniger,m
Léan,4 oder weniger,m
Leandro,4 oder weniger,m
Leandros,4 oder weniger,m
Lear,4 oder weniger,m
Leevi,4 oder weniger,m
Lefan,4 oder weniger,m
Lehel,4 oder weniger,m
Lejs,4 oder weniger,m
Lemar,4 oder weniger,m
Len,4 oder weniger,m
Lénárd,4 oder weniger,m
Lennox,4 oder weniger,m
Lenz,4 oder weniger,m
Léo-Paul,4 oder weniger,m
León,4 oder weniger,m
Leon-Emanuel,4 oder weniger,m
Léonard,4 oder weniger,m
Leonas,4 oder weniger,m
Leonel,4 oder weniger,m
Leonhardt,4 oder weniger,m
Leroy,4 oder weniger,m
Letino,4 oder weniger,m
Lev,4 oder weniger,m
Levio,4 oder weniger,m
Lewend,4 oder weniger,m
Lewin,4 oder weniger,m
Lewis,4 oder weniger,m
Liano,4 oder weniger,m
Liano-Diego,4 oder weniger,m
Liberan,4 oder weniger,m
Liem,4 oder weniger,m
Lijan,4 oder weniger,m
Linos,4 oder weniger,m
Linot,4 oder weniger,m
Lionard,4 oder weniger,m
Lir,4 oder weniger,m
Liron,4 oder weniger,m
Lithesh,4 oder weniger,m
Liu,4 oder weniger,m
Llewyn,4 oder weniger,m
Logan,4 oder weniger,m
Loi-Valentin,4 oder weniger,m
Loranz,4 oder weniger,m
Loretto,4 oder weniger,m
Lorin,4 oder weniger,m
Lotanna,4 oder weniger,m
Louen,4 oder weniger,m
Loui,4 oder weniger,m
Louis-Alessio,4 oder weniger,m
Louis-Xavier,4 oder weniger,m
Lowis,4 oder weniger,m
Luar,4 oder weniger,m
Luay,4 oder weniger,m
Luca-Matteo,4 oder weniger,m
Lucas-Emanuel,4 oder weniger,m
Lucca,4 oder weniger,m
Luian,4 oder weniger,m
Luís,4 oder weniger,m
Lukáš,4 oder weniger,m
Luken,4 oder weniger,m
Lukijan,4 oder weniger,m
Lukman,4 oder weniger,m
Luming,4 oder weniger,m
Lunik,4 oder weniger,m
Luras,4 oder weniger,m
Lutz,4 oder weniger,m
Luuk,4 oder weniger,m
Luzius,4 oder weniger,m
Lyas,4 oder weniger,m
Lynel,4 oder weniger,m
Lyon,4 oder weniger,m
Lysander,4 oder weniger,m
Maël,4 oder weniger,m
Mahamadou,4 oder weniger,m
Majid,4 oder weniger,m
Makan,4 oder weniger,m
Makhtar,4 oder weniger,m
Malek,4 oder weniger,m
Mali,4 oder weniger,m
Manfred,4 oder weniger,m
Mano,4 oder weniger,m
Mansur,4 oder weniger,m
Manu,4 oder weniger,m
Marcel-René,4 oder weniger,m
Marcos,4 oder weniger,m
Marek,4 oder weniger,m
Marik,4 oder weniger,m
Marinko,4 oder weniger,m
Marino,4 oder weniger,m
Marjan,4 oder weniger,m
Markos,4 oder weniger,m
Marlin,4 oder weniger,m
Marouen,4 oder weniger,m
Marsel,4 oder weniger,m
Marsson,4 oder weniger,m
Martín,4 oder weniger,m
Martino,4 oder weniger,m
Marvel-Kelly,4 oder weniger,m
Marvelous,4 oder weniger,m
Marvix,4 oder weniger,m
Massi,4 oder weniger,m
Massimo,4 oder weniger,m
Máté,4 oder weniger,m
Mateus,4 oder weniger,m
Mathieu,4 oder weniger,m
Matías,4 oder weniger,m
Matisse,4 oder weniger,m
Mato,4 oder weniger,m
Mattheja,4 oder weniger,m
Mattheo,4 oder weniger,m
Mattheos,4 oder weniger,m
Matthyas,4 oder weniger,m
Mattia-Falk,4 oder weniger,m
Mauri,4 oder weniger,m
Maximilian-Leopold,4 oder weniger,m
Mayan,4 oder weniger,m
Mehmet,4 oder weniger,m
Melek,4 oder weniger,m
Melik,4 oder weniger,m
Meliodas,4 oder weniger,m
Merdan,4 oder weniger,m
Merih,4 oder weniger,m
Mete,4 oder weniger,m
Mewla,4 oder weniger,m
Mezn,4 oder weniger,m
Mica,4 oder weniger,m
Michal,4 oder weniger,m
Michalis,4 oder weniger,m
Mick,4 oder weniger,m
Mieszko,4 oder weniger,m
Mihai,4 oder weniger,m
Mihail,4 oder weniger,m
Mihali,4 oder weniger,m
Mihayl,4 oder weniger,m
Mijo,4 oder weniger,m
Mikalai,4 oder weniger,m
Mikel,4 oder weniger,m
Mikkel,4 oder weniger,m
Mikolaj,4 oder weniger,m
Milat,4 oder weniger,m
Milen,4 oder weniger,m
Milenko,4 oder weniger,m
Millan,4 oder weniger,m
Miloš,4 oder weniger,m
Milow,4 oder weniger,m
Miltos,4 oder weniger,m
Minchang,4 oder weniger,m
Minel,4 oder weniger,m
Mingzhuo,4 oder weniger,m
Miraç,4 oder weniger,m
Mirhan,4 oder weniger,m
Miron,4 oder weniger,m
Mischa,4 oder weniger,m
Moaad,4 oder weniger,m
Mohamad-Yazan,4 oder weniger,m
Momchil,4 oder weniger,m
Momme,4 oder weniger,m
Monti,4 oder weniger,m
Moritz-Leonardo,4 oder weniger,m
Morris,4 oder weniger,m
Mousa,4 oder weniger,m
Muad,4 oder weniger,m
Mudassir,4 oder weniger,m
Muhamed,4 oder weniger,m
Muhammad-Sudais,4 oder weniger,m
Muhanad,4 oder weniger,m
Mukhammad-Safo,4 oder weniger,m
Muning,4 oder weniger,m
Murari,4 oder weniger,m
Murathan,4 oder weniger,m
Mursal,4 oder weniger,m
Muscab,4 oder weniger,m
Mustafa-Seyid,4 oder weniger,m
Mylo,4 oder weniger,m
Nabiil,4 oder weniger,m
Nabil,4 oder weniger,m
Nadir,4 oder weniger,m
Naël,4 oder weniger,m
Naheem,4 oder weniger,m
Nahuel,4 oder weniger,m
Naim,4 oder weniger,m
Nali,4 oder weniger,m
Nalu,4 oder weniger,m
Nami,4 oder weniger,m
Narisoa-David,4 oder weniger,m
Naseeb,4 oder weniger,m
Nasim,4 oder weniger,m
Nataniel,4 oder weniger,m
Nathan-Milas,4 oder weniger,m
Nathnael,4 oder weniger,m
Natnael,4 oder weniger,m
Naum,4 oder weniger,m
Navilan,4 oder weniger,m
Navsher,4 oder weniger,m
Nawar,4 oder weniger,m
Nayl,4 oder weniger,m
Naziru,4 oder weniger,m
Ndumdinachim,4 oder weniger,m
Neal,4 oder weniger,m
Neel,4 oder weniger,m
Neeraj,4 oder weniger,m
Nelio,4 oder weniger,m
Nemanja,4 oder weniger,m
Neno,4 oder weniger,m
Nevio,4 oder weniger,m
Newt,4 oder weniger,m
Nguy<U+1EC5>n,4 oder weniger,m
Nhat,4 oder weniger,m
Nias,4 oder weniger,m
Niccolò,4 oder weniger,m
Nichles,4 oder weniger,m
Nicklas,4 oder weniger,m
Niclas,4 oder weniger,m
Nicoló,4 oder weniger,m
Niilo,4 oder weniger,m
Nikanor,4 oder weniger,m
Nikardas,4 oder weniger,m
Niki,4 oder weniger,m
Nilo,4 oder weniger,m
Nima,4 oder weniger,m
Nio,4 oder weniger,m
Niros,4 oder weniger,m
Niwar,4 oder weniger,m
Nkemchor,4 oder weniger,m
Noa,4 oder weniger,m
Noahbrandt,4 oder weniger,m
Noam,4 oder weniger,m
Noan,4 oder weniger,m
Noe,4 oder weniger,m
Nour,4 oder weniger,m
Nova,4 oder weniger,m
Nuka,4 oder weniger,m
Nuoyi,4 oder weniger,m
Nuriel,4 oder weniger,m
Ny,4 oder weniger,m
Obsan,4 oder weniger,m
Ocean,4 oder weniger,m
Ogeday,4 oder weniger,m
Ognen,4 oder weniger,m
Oguz,4 oder weniger,m
Okan,4 oder weniger,m
Olaf,4 oder weniger,m
Oleksandr,4 oder weniger,m
Oleksii,4 oder weniger,m
Oliwier,4 oder weniger,m
Oluwatomiwa,4 oder weniger,m
Omer,4 oder weniger,m
Omid,4 oder weniger,m
Omimi,4 oder weniger,m
Omoefe,4 oder weniger,m
Onno,4 oder weniger,m
Orbay,4 oder weniger,m
Oskar-Can,4 oder weniger,m
Othniel,4 oder weniger,m
Paisios,4 oder weniger,m
Paolo,4 oder weniger,m
Pars,4 oder weniger,m
Parth,4 oder weniger,m
Pascha,4 oder weniger,m
Paulo,4 oder weniger,m
Paulos,4 oder weniger,m
Paurav,4 oder weniger,m
Pavlo,4 oder weniger,m
Peer,4 oder weniger,m
Peo,4 oder weniger,m
Pépinot,4 oder weniger,m
Pesho,4 oder weniger,m
Pete,4 oder weniger,m
Péter,4 oder weniger,m
Petre,4 oder weniger,m
Petru,4 oder weniger,m
Philias,4 oder weniger,m
Phillip,4 oder weniger,m
Phillipp,4 oder weniger,m
Phineas,4 oder weniger,m
Phuc,4 oder weniger,m
Pietro,4 oder weniger,m
Pio,4 oder weniger,m
Pirmin,4 oder weniger,m
Pius,4 oder weniger,m
Platon,4 oder weniger,m
Pravar,4 oder weniger,m
Primus,4 oder weniger,m
Princ,4 oder weniger,m
Qayyum,4 oder weniger,m
Quang-Anh,4 oder weniger,m
Quinn,4 oder weniger,m
Rachid,4 oder weniger,m
Radko,4 oder weniger,m
Rafaeli,4 oder weniger,m
Rafail,4 oder weniger,m
Rafal,4 oder weniger,m
Rafi,4 oder weniger,m
Ragnar,4 oder weniger,m
Raheem,4 oder weniger,m
Rahim,4 oder weniger,m
Rahmatullah,4 oder weniger,m
Rajko,4 oder weniger,m
Ralph,4 oder weniger,m
Rami,4 oder weniger,m
Ramiro,4 oder weniger,m
Ramon,4 oder weniger,m
Ramos,4 oder weniger,m
Ranyi,4 oder weniger,m
Raouf,4 oder weniger,m
Raphaël,4 oder weniger,m
Rare<U+0219>,4 oder weniger,m
Rawnd,4 oder weniger,m
Rawyar,4 oder weniger,m
Ray,4 oder weniger,m
Rayaan,4 oder weniger,m
Rebin,4 oder weniger,m
Recep,4 oder weniger,m
Reddimohansh,4 oder weniger,m
Redon,4 oder weniger,m
Redyn,4 oder weniger,m
Rego,4 oder weniger,m
Rehan,4 oder weniger,m
Rejan,4 oder weniger,m
Rekar,4 oder weniger,m
Relja,4 oder weniger,m
Rema,4 oder weniger,m
Reman,4 oder weniger,m
Rémi,4 oder weniger,m
Rene,4 oder weniger,m
René,4 oder weniger,m
Reshar,4 oder weniger,m
Reshwanth,4 oder weniger,m
Restam,4 oder weniger,m
Rey,4 oder weniger,m
Reyaansh,4 oder weniger,m
Reyansh,4 oder weniger,m
Reyyhan,4 oder weniger,m
Reza,4 oder weniger,m
Riaan,4 oder weniger,m
Ricardo,4 oder weniger,m
Riccardo,4 oder weniger,m
Rick,4 oder weniger,m
Ridhaan,4 oder weniger,m
Ridvan,4 oder weniger,m
Rihan,4 oder weniger,m
Rijad,4 oder weniger,m
Rinal,4 oder weniger,m
Rion,4 oder weniger,m
Rithvin,4 oder weniger,m
Ritik,4 oder weniger,m
Rizwan,4 oder weniger,m
Roan,4 oder weniger,m
Roberto,4 oder weniger,m
Rocco,4 oder weniger,m
Rodi,4 oder weniger,m
Rodney,4 oder weniger,m
Rohad,4 oder weniger,m
Roi,4 oder weniger,m
Romanos,4 oder weniger,m
Ron,4 oder weniger,m
Ronas,4 oder weniger,m
Ronell,4 oder weniger,m
Ronnie,4 oder weniger,m
Ronsen,4 oder weniger,m
Roschan,4 oder weniger,m
Rouven,4 oder weniger,m
Rron,4 oder weniger,m
Rubén,4 oder weniger,m
Rubin,4 oder weniger,m
Rudi,4 oder weniger,m
Rufus,4 oder weniger,m
Rune,4 oder weniger,m
Ryo,4 oder weniger,m
Saad,4 oder weniger,m
Sabe,4 oder weniger,m
Sadik,4 oder weniger,m
Sahas,4 oder weniger,m
Sahin-Noel,4 oder weniger,m
Saidn,4 oder weniger,m
Saim,4 oder weniger,m
Sajith,4 oder weniger,m
Sakariye,4 oder weniger,m
Saker,4 oder weniger,m
Salaar,4 oder weniger,m
Sali,4 oder weniger,m
Salih,4 oder weniger,m
Salim,4 oder weniger,m
Saliou,4 oder weniger,m
Salome,4 oder weniger,m
Salvatore,4 oder weniger,m
Samad,4 oder weniger,m
Samanth,4 oder weniger,m
Sameer,4 oder weniger,m
Samim,4 oder weniger,m
Samo,4 oder weniger,m
Samou,4 oder weniger,m
Samson,4 oder weniger,m
Samuele,4 oder weniger,m
Samvel,4 oder weniger,m
Saqib,4 oder weniger,m
Sarbast,4 oder weniger,m
Sarp,4 oder weniger,m
Saša,4 oder weniger,m
Sascha,4 oder weniger,m
Sasha,4 oder weniger,m
Savasch,4 oder weniger,m
Savio,4 oder weniger,m
Schachawan,4 oder weniger,m
Scherdel,4 oder weniger,m
Sead,4 oder weniger,m
Sean,4 oder weniger,m
Seán,4 oder weniger,m
Sedat,4 oder weniger,m
Sedrik,4 oder weniger,m
Seiji,4 oder weniger,m
Seleman,4 oder weniger,m
Senad-Kenan,4 oder weniger,m
Serafino,4 oder weniger,m
Serdar,4 oder weniger,m
Sergej,4 oder weniger,m
Sérgio,4 oder weniger,m
Serhat,4 oder weniger,m
Serigne,4 oder weniger,m
Servan,4 oder weniger,m
Severino,4 oder weniger,m
Seymen,4 oder weniger,m
Seyyid,4 oder weniger,m
Seyyid-Timur,4 oder weniger,m
Sezgin,4 oder weniger,m
Shah,4 oder weniger,m
Shahid,4 oder weniger,m
Shane,4 oder weniger,m
Sharvil,4 oder weniger,m
Shashwat,4 oder weniger,m
Shayan,4 oder weniger,m
Shayar,4 oder weniger,m
Shion,4 oder weniger,m
Shiro,4 oder weniger,m
Shiva,4 oder weniger,m
Shivaay,4 oder weniger,m
Shivansh,4 oder weniger,m
Shlok,4 oder weniger,m
Shourya,4 oder weniger,m
Siar,4 oder weniger,m
Sidad,4 oder weniger,m
Sidney,4 oder weniger,m
Sidrit,4 oder weniger,m
Sikander,4 oder weniger,m
Sildi,4 oder weniger,m
Silvan,4 oder weniger,m
Simão,4 oder weniger,m
Simar,4 oder weniger,m
Sime,4 oder weniger,m
Simon-Ze,4 oder weniger,m
Simone,4 oder weniger,m
Šimun,4 oder weniger,m
Sirac,4 oder weniger,m
Sirius,4 oder weniger,m
Sisan,4 oder weniger,m
Sohan,4 oder weniger,m
Sohrab,4 oder weniger,m
Sol,4 oder weniger,m
Solly,4 oder weniger,m
Son,4 oder weniger,m
Song,4 oder weniger,m
Soufian,4 oder weniger,m
Sozon,4 oder weniger,m
Spiridonas,4 oder weniger,m
Spyridon,4 oder weniger,m
Sreeyaan,4 oder weniger,m
Sriaansh,4 oder weniger,m
Srikar,4 oder weniger,m
Stanislas,4 oder weniger,m
Stanislaus,4 oder weniger,m
Stanislaw,4 oder weniger,m
Štefan,4 oder weniger,m
Stefanos,4 oder weniger,m
Stevan,4 oder weniger,m
Stipe,4 oder weniger,m
Suar,4 oder weniger,m
Subeedei,4 oder weniger,m
Suhaib,4 oder weniger,m
Suhail,4 oder weniger,m
Suheyl,4 oder weniger,m
Sulaiman,4 oder weniger,m
Sulayman,4 oder weniger,m
Suriya,4 oder weniger,m
Syhl,4 oder weniger,m
Syna,4 oder weniger,m
T<U+1EA5>n,4 oder weniger,m
Taavi,4 oder weniger,m
Tadeáš,4 oder weniger,m
Tadeo,4 oder weniger,m
Tadeusz,4 oder weniger,m
Taim,4 oder weniger,m
Taiyo,4 oder weniger,m
Tajar,4 oder weniger,m
Takahide,4 oder weniger,m
Takiyou,4 oder weniger,m
Taksheel,4 oder weniger,m
Tamino,4 oder weniger,m
Tamio,4 oder weniger,m
Tamo,4 oder weniger,m
Tamrin,4 oder weniger,m
Tan,4 oder weniger,m
Tane,4 oder weniger,m
Tano,4 oder weniger,m
Tarakvijay,4 oder weniger,m
Taras,4 oder weniger,m
Tarun,4 oder weniger,m
Ted,4 oder weniger,m
Tem,4 oder weniger,m
Temujin,4 oder weniger,m
Temur,4 oder weniger,m
Teofil,4 oder weniger,m
Th<U+1EBF>,4 oder weniger,m
Thamilmaran,4 oder weniger,m
Thede,4 oder weniger,m
Thees,4 oder weniger,m
Théo,4 oder weniger,m
Théodor,4 oder weniger,m
Theon,4 oder weniger,m
Thies,4 oder weniger,m
Tihomir,4 oder weniger,m
Tilo,4 oder weniger,m
Timeo,4 oder weniger,m
Timeon,4 oder weniger,m
Timofej,4 oder weniger,m
Timon,4 oder weniger,m
Timothé,4 oder weniger,m
Timotheus,4 oder weniger,m
Tinus,4 oder weniger,m
Tizian,4 oder weniger,m
Tjore,4 oder weniger,m
Todor,4 oder weniger,m
Toivo,4 oder weniger,m
Toma,4 oder weniger,m
Tomas,4 oder weniger,m
Tomás,4 oder weniger,m
Tomi,4 oder weniger,m
Tomislav,4 oder weniger,m
Tommen,4 oder weniger,m
Tomo,4 oder weniger,m
Tomor,4 oder weniger,m
Tonio,4 oder weniger,m
Tran,4 oder weniger,m
Trim,4 oder weniger,m
Tudor,4 oder weniger,m
Tugra,4 oder weniger,m
Tugrul,4 oder weniger,m
Tylan,4 oder weniger,m
Tyler,4 oder weniger,m
Tyrell,4 oder weniger,m
Tyson,4 oder weniger,m
Ufuk,4 oder weniger,m
Ulus,4 oder weniger,m
Unur,4 oder weniger,m
Urs,4 oder weniger,m
Usayd,4 oder weniger,m
Valan,4 oder weniger,m
Valentín,4 oder weniger,m
Valentin-Alexandru,4 oder weniger,m
Vasileios,4 oder weniger,m
Vasilije,4 oder weniger,m
Vedat,4 oder weniger,m
Vedran,4 oder weniger,m
Vicco,4 oder weniger,m
Vidal,4 oder weniger,m
Vidyuth,4 oder weniger,m
Vihaan,4 oder weniger,m
Vilem,4 oder weniger,m
Vin,4 oder weniger,m
Vincenzo,4 oder weniger,m
Viórel,4 oder weniger,m
Viraaj,4 oder weniger,m
Vishwajit,4 oder weniger,m
Vitorino,4 oder weniger,m
Vlad,4 oder weniger,m
Vlad-Andrei,4 oder weniger,m
Vladimir-Alexandru,4 oder weniger,m
Võ,4 oder weniger,m
Vuk,4 oder weniger,m
Wahid,4 oder weniger,m
Wassim,4 oder weniger,m
Watan,4 oder weniger,m
Wendelin,4 oder weniger,m
Wendlassida,4 oder weniger,m
Weniamin,4 oder weniger,m
Werner,4 oder weniger,m
Wesley,4 oder weniger,m
Wiar,4 oder weniger,m
Wil-Henry,4 oder weniger,m
Will,4 oder weniger,m
Williams,4 oder weniger,m
Willy,4 oder weniger,m
Wisal,4 oder weniger,m
Wisdom,4 oder weniger,m
Wladimir,4 oder weniger,m
Wolf,4 oder weniger,m
Wolf-Dietrich,4 oder weniger,m
Wyatt,4 oder weniger,m
Xander,4 oder weniger,m
Xheison,4 oder weniger,m
Xiaoguo,4 oder weniger,m
Xinlai,4 oder weniger,m
Xinyi,4 oder weniger,m
Xinyuan,4 oder weniger,m
Xuân,4 oder weniger,m
Yacoob,4 oder weniger,m
Yafet,4 oder weniger,m
Yagiz,4 oder weniger,m
Yagiz,4 oder weniger,m
Yago,4 oder weniger,m
Yahia,4 oder weniger,m
Yahya,4 oder weniger,m
Yakob,4 oder weniger,m
Yakub,4 oder weniger,m
Yamato,4 oder weniger,m
Yameen,4 oder weniger,m
Yann,4 oder weniger,m
Yannis,4 oder weniger,m
Yanzong,4 oder weniger,m
Yaqub,4 oder weniger,m
Yared,4 oder weniger,m
Yasar,4 oder weniger,m
Yaseen,4 oder weniger,m
Yasser,4 oder weniger,m
Yavuz,4 oder weniger,m
Yaw,4 oder weniger,m
Yazan,4 oder weniger,m
Yazid,4 oder weniger,m
Yichen,4 oder weniger,m
Yigit,4 oder weniger,m
Yigit,4 oder weniger,m
Yigitcan,4 oder weniger,m
Yiheng,4 oder weniger,m
Yilmaz,4 oder weniger,m
Yiyang,4 oder weniger,m
Yoan,4 oder weniger,m
Yonas,4 oder weniger,m
Yones,4 oder weniger,m
Yonis,4 oder weniger,m
Yoonis,4 oder weniger,m
Yosan,4 oder weniger,m
Yosef,4 oder weniger,m
Yoshi,4 oder weniger,m
Yosif,4 oder weniger,m
Yosiv,4 oder weniger,m
Yosuf,4 oder weniger,m
Youmaran,4 oder weniger,m
Younès,4 oder weniger,m
Younis,4 oder weniger,m
Yousuf,4 oder weniger,m
Yuchen,4 oder weniger,m
Yuel,4 oder weniger,m
Yung-Shin,4 oder weniger,m
Yuno,4 oder weniger,m
Yusa,4 oder weniger,m
Yusef,4 oder weniger,m
Yuto,4 oder weniger,m
Yuusuf,4 oder weniger,m
Zacharias,4 oder weniger,m
Zachary,4 oder weniger,m
Zackaria,4 oder weniger,m
Zafir,4 oder weniger,m
Zahid,4 oder weniger,m
Zane,4 oder weniger,m
Zaryab,4 oder weniger,m
Zedryck,4 oder weniger,m
Zeed,4 oder weniger,m
Zein,4 oder weniger,m
Zeynel,4 oder weniger,m
Ziad,4 oder weniger,m
Ziang,4 oder weniger,m
Zido,4 oder weniger,m
Zijon,4 oder weniger,m
Zinedin,4 oder weniger,m
Zion,4 oder weniger,m
Zola,4 oder weniger,m
Zoraiz,4 oder weniger,m
Zubeir,4 oder weniger,m
Zyad,4 oder weniger,m
